scenario,iteration,year,heating_system,ownership,installed_cumulative,installed_current,avg_att,avg_util,avg_sub_norm,avg_eac,avg_pbc,removed_this_year
0,0,2024,NATURAL_GAS_BOILER,Total,210467,210467,0,210467,0.0,0.0,0.0,0.0,0.0
0,0,2025,NATURAL_GAS_BOILER,Total,214176,23503,19794,233970,0.0,0.0,0.0,4154.0,0.0
0,0,2026,NATURAL_GAS_BOILER,Total,216536,13912,11552,247882,0.0,0.0,0.0,4171.0,0.0
0,0,2027,NATURAL_GAS_BOILER,Total,218830,14040,11746,261922,0.0,0.0,0.0,4232.0,0.0
0,0,2028,NATURAL_GAS_BOILER,Total,222091,16618,13357,278540,0.0,0.0,0.0,4108.0,0.0
0,0,2029,NATURAL_GAS_BOILER,Total,224932,16411,13570,294951,0.0,0.0,0.0,4156.0,0.0
0,0,2030,NATURAL_GAS_BOILER,Total,228119,17702,14515,312653,0.0,0.0,0.0,4167.0,0.0
0,0,2031,NATURAL_GAS_BOILER,Total,231469,19832,16482,332485,0.0,0.0,0.0,4114.0,0.0
0,0,2032,NATURAL_GAS_BOILER,Total,234875,23728,20322,356213,0.0,0.0,0.0,4030.0,0.0
0,0,2033,NATURAL_GAS_BOILER,Total,236681,29426,27620,385639,0.0,0.0,0.0,4080.0,0.0
0,0,2034,NATURAL_GAS_BOILER,Total,237622,26312,25371,411951,0.0,0.0,0.0,4052.0,0.0
0,0,2035,NATURAL_GAS_BOILER,Total,239715,19347,17254,431298,0.0,0.0,0.0,4110.0,0.0
0,0,2036,NATURAL_GAS_BOILER,Total,241768,15938,13885,447236,0.0,0.0,0.0,4133.0,0.0
0,0,2037,NATURAL_GAS_BOILER,Total,242088,25083,24763,472319,0.0,0.0,0.0,4138.0,0.0
0,0,2038,NATURAL_GAS_BOILER,Total,242719,15601,14970,487920,0.0,0.0,0.0,4223.0,0.0
0,0,2039,NATURAL_GAS_BOILER,Total,243068,14964,14615,502884,0.0,0.0,0.0,4264.0,0.0
0,0,2040,NATURAL_GAS_BOILER,Total,242666,13894,14296,516778,0.0,0.0,0.0,3964.0,0.0
0,0,2041,NATURAL_GAS_BOILER,Total,242465,13802,14003,530580,0.0,0.0,0.0,3929.0,0.0
0,0,2042,NATURAL_GAS_BOILER,Total,241621,14351,15195,544931,0.0,0.0,0.0,3997.0,0.0
0,0,2043,NATURAL_GAS_BOILER,Total,240510,16410,17521,561341,0.0,0.0,0.0,3828.0,0.0
0,0,2044,NATURAL_GAS_BOILER,Total,238716,15965,17759,577306,0.0,0.0,0.0,3921.0,0.0
0,0,2045,NATURAL_GAS_BOILER,Total,237082,15874,17508,593180,0.0,0.0,0.0,4018.0,0.0
0,0,2046,NATURAL_GAS_BOILER,Total,234830,18428,20680,611608,0.0,0.0,0.0,3853.0,0.0
0,0,2047,NATURAL_GAS_BOILER,Total,231259,19345,22916,630953,0.0,0.0,0.0,3877.0,0.0
0,0,2048,NATURAL_GAS_BOILER,Total,225125,22141,28275,653094,0.0,0.0,0.0,3984.0,0.0
0,0,2049,NATURAL_GAS_BOILER,Total,220395,29417,34147,682511,0.0,0.0,0.0,3889.0,0.0
0,0,2050,NATURAL_GAS_BOILER,Total,217870,16772,19297,699283,0.0,0.0,0.0,3881.0,0.0
0,0,2024,NATURAL_GAS_BOILER,PRIVATELY_OWNED,113870,113870,0,113870,0.0,0.0,0.0,0.0,0.0
0,0,2025,NATURAL_GAS_BOILER,PRIVATELY_OWNED,116834,17876,14912,131746,0.0,0.5551550262486507,0.7415776838778735,1484.107406578653,0.7400353288882382
0,0,2026,NATURAL_GAS_BOILER,PRIVATELY_OWNED,118750,10635,8719,142381,0.0,0.5546904097809129,0.7590110813223737,1503.0615890926188,0.7371592295060766
0,0,2027,NATURAL_GAS_BOILER,PRIVATELY_OWNED,120601,10552,8701,152933,0.0,0.5558593583973491,0.7727255255432285,1507.8439158453373,0.7371983469031202
0,0,2028,NATURAL_GAS_BOILER,PRIVATELY_OWNED,122712,10935,8824,163868,0.0,0.556516679414766,0.7844417661819241,1492.7527206218565,0.7367197983494059
0,0,2029,NATURAL_GAS_BOILER,PRIVATELY_OWNED,124868,10794,8638,174662,0.0,0.5573397986965913,0.7995684034560893,1500.523531591625,0.736063647612879
0,0,2030,NATURAL_GAS_BOILER,PRIVATELY_OWNED,127306,11351,8913,186013,0.0,0.558644902476855,0.8126405941908383,1474.5314069245,0.7363872794414275
0,0,2031,NATURAL_GAS_BOILER,PRIVATELY_OWNED,130128,11842,9020,197855,0.0,0.5588492094154406,0.8288889899518972,1487.677757135619,0.7346626903791765
0,0,2032,NATURAL_GAS_BOILER,PRIVATELY_OWNED,132931,11811,9008,209666,0.0,0.5607430425734542,0.8467094707499251,1474.0508001016003,0.7352758800164445
0,0,2033,NATURAL_GAS_BOILER,PRIVATELY_OWNED,135657,11573,8847,221239,0.0,0.5614570249681623,0.8644814271449905,1470.9922232783201,0.7341253590591164
0,0,2034,NATURAL_GAS_BOILER,PRIVATELY_OWNED,138159,12936,10434,234175,0.0,0.5660157278253272,0.8821694460789129,1409.9146567717996,0.738752410978113
0,0,2035,NATURAL_GAS_BOILER,PRIVATELY_OWNED,140653,11704,9210,245879,0.0,0.5656008017241402,0.8988306458379923,1451.6273923444976,0.7360473718564563
0,0,2036,NATURAL_GAS_BOILER,PRIVATELY_OWNED,142923,10914,8644,256793,0.0,0.5658936664274152,0.9152054710436848,1496.764339380612,0.7344398157606594
0,0,2037,NATURAL_GAS_BOILER,PRIVATELY_OWNED,144778,19731,17876,276524,0.0,0.5720050358340452,0.9301552115379099,1458.0002534083421,0.7417381523088229
0,0,2038,NATURAL_GAS_BOILER,PRIVATELY_OWNED,145986,11843,10635,288367,0.0,0.5718111022553363,0.9417507287466148,1490.4981845816094,0.7399978122896713
0,0,2039,NATURAL_GAS_BOILER,PRIVATELY_OWNED,146816,11382,10552,299749,0.0,0.5731665340266361,0.9500694403516802,1501.6613951853803,0.7409911209959872
0,0,2040,NATURAL_GAS_BOILER,PRIVATELY_OWNED,147298,11417,10935,311166,0.0,0.5750214807592561,0.9548216661255434,1485.832442848384,0.7431795128731891
0,0,2041,NATURAL_GAS_BOILER,PRIVATELY_OWNED,147622,11118,10794,322284,0.0,0.575590707895448,0.959205086642598,1494.2629069976615,0.7434854260128466
0,0,2042,NATURAL_GAS_BOILER,PRIVATELY_OWNED,147915,11644,11351,333928,0.0,0.576440617113475,0.960198215957987,1471.1973548608726,0.7446361486754552
0,0,2043,NATURAL_GAS_BOILER,PRIVATELY_OWNED,148282,12209,11842,346137,0.0,0.5756232275150579,0.9624859488657874,1479.6758129248915,0.7431240976643587
0,0,2044,NATURAL_GAS_BOILER,PRIVATELY_OWNED,148575,12104,11811,358241,0.0,0.576261976123429,0.9646351958004685,1470.0394084600132,0.7438135647100823
0,0,2045,NATURAL_GAS_BOILER,PRIVATELY_OWNED,148828,11826,11573,370067,0.0,0.5766176398079694,0.967188123637725,1468.2493658041603,0.744027944257237
0,0,2046,NATURAL_GAS_BOILER,PRIVATELY_OWNED,149152,13260,12936,383327,0.0,0.5782343737286924,0.9682291636467685,1408.8260935143287,0.7463229151371891
0,0,2047,NATURAL_GAS_BOILER,PRIVATELY_OWNED,149438,11990,11704,395317,0.0,0.5773467321490143,0.9706235090068218,1449.133027522936,0.7446921595976681
0,0,2048,NATURAL_GAS_BOILER,PRIVATELY_OWNED,149804,11280,10914,406597,0.0,0.5756804801873541,0.9722593573360855,1490.1636524822695,0.7419883006140193
0,0,2049,NATURAL_GAS_BOILER,PRIVATELY_OWNED,150397,20324,19731,426921,0.0,0.5772029107221814,0.9747773319874016,1446.2629403660696,0.743957199584854
0,0,2050,NATURAL_GAS_BOILER,PRIVATELY_OWNED,150677,12123,11843,439044,0.0,0.5766385422079386,0.978468084029674,1485.4587148395613,0.7426493028081923
0,0,2024,NATURAL_GAS_BOILER,SOCIAL_HOUSING,60815,60815,0,60815,0.0,0.0,0.0,0.0,0.0
0,0,2025,NATURAL_GAS_BOILER,SOCIAL_HOUSING,60995,344,164,61159,0.0,0.0,0.0,1263.6366279069769,0.0
0,0,2026,NATURAL_GAS_BOILER,SOCIAL_HOUSING,61098,227,124,61386,0.0,0.0,0.0,1268.259911894273,0.0
0,0,2027,NATURAL_GAS_BOILER,SOCIAL_HOUSING,61306,539,331,61925,0.0,0.0,0.0,1323.3246753246754,0.0
0,0,2028,NATURAL_GAS_BOILER,SOCIAL_HOUSING,62224,2671,1753,64596,0.0,0.0,0.0,1212.6405840509174,0.0
0,0,2029,NATURAL_GAS_BOILER,SOCIAL_HOUSING,62767,2675,2132,67271,0.0,0.0,0.0,1284.745046728972,0.0
0,0,2030,NATURAL_GAS_BOILER,SOCIAL_HOUSING,63304,3090,2553,70361,0.0,0.0,0.0,1352.6928802588998,0.0
0,0,2031,NATURAL_GAS_BOILER,SOCIAL_HOUSING,63857,5082,4529,75443,0.0,0.0,0.0,1276.409878000787,0.0
0,0,2032,NATURAL_GAS_BOILER,SOCIAL_HOUSING,64322,8683,8218,84126,0.0,0.0,0.0,1257.7806057814119,0.0
0,0,2033,NATURAL_GAS_BOILER,SOCIAL_HOUSING,63410,15098,16010,99224,0.0,0.0,0.0,1276.4925155649755,0.0
0,0,2034,NATURAL_GAS_BOILER,SOCIAL_HOUSING,62204,10833,12039,110057,0.0,0.0,0.0,1300.730730176313,0.0
0,0,2035,NATURAL_GAS_BOILER,SOCIAL_HOUSING,62083,5253,5374,115310,0.0,0.0,0.0,1292.8282885969923,0.0
0,0,2036,NATURAL_GAS_BOILER,SOCIAL_HOUSING,62316,2822,2589,118132,0.0,0.0,0.0,1277.7427356484764,0.0
0,0,2037,NATURAL_GAS_BOILER,SOCIAL_HOUSING,62541,1829,1604,119961,0.0,0.0,0.0,1352.9639147074904,0.0
0,0,2038,NATURAL_GAS_BOILER,SOCIAL_HOUSING,62830,1574,1285,121535,0.0,0.0,0.0,1418.3373570520966,0.0
0,0,2039,NATURAL_GAS_BOILER,SOCIAL_HOUSING,63169,1453,1114,122988,0.0,0.0,0.0,1471.4046799724708,0.0
0,0,2040,NATURAL_GAS_BOILER,SOCIAL_HOUSING,63148,328,349,123316,0.0,0.0,0.0,1161.6310975609756,0.0
0,0,2041,NATURAL_GAS_BOILER,SOCIAL_HOUSING,63376,495,267,123811,0.0,0.0,0.0,1164.9919191919191,0.0
0,0,2042,NATURAL_GAS_BOILER,SOCIAL_HOUSING,63105,312,583,124123,0.0,0.0,0.0,1269.9679487179487,0.0
0,0,2043,NATURAL_GAS_BOILER,SOCIAL_HOUSING,62349,2015,2771,126138,0.0,0.0,0.0,1089.610918114144,0.0
0,0,2044,NATURAL_GAS_BOILER,SOCIAL_HOUSING,61104,1469,2714,127607,0.0,0.0,0.0,1230.9782164737917,0.0
0,0,2045,NATURAL_GAS_BOILER,SOCIAL_HOUSING,59943,2019,3180,129626,0.0,0.0,0.0,1294.2481426448737,0.0
0,0,2046,NATURAL_GAS_BOILER,SOCIAL_HOUSING,58058,3316,5201,132942,0.0,0.0,0.0,1166.5392038600723,0.0
0,0,2047,NATURAL_GAS_BOILER,SOCIAL_HOUSING,54873,5637,8822,138579,0.0,0.0,0.0,1146.2089764058896,0.0
0,0,2048,NATURAL_GAS_BOILER,SOCIAL_HOUSING,48995,9281,15159,147860,0.0,0.0,0.0,1208.294795819416,0.0
0,0,2049,NATURAL_GAS_BOILER,SOCIAL_HOUSING,44736,6634,10893,154494,0.0,0.0,0.0,1200.1799819113658,0.0
0,0,2050,NATURAL_GAS_BOILER,SOCIAL_HOUSING,42517,3051,5270,157545,0.0,0.0,0.0,1187.878400524418,0.0
0,0,2024,NATURAL_GAS_BOILER,PRIVATELY_RENTED,35782,35782,0,35782,0.0,0.0,0.0,0.0,0.0
0,0,2025,NATURAL_GAS_BOILER,PRIVATELY_RENTED,36347,5283,4718,41065,0.0,0.0,0.0,1407.2415294340337,0.0
0,0,2026,NATURAL_GAS_BOILER,PRIVATELY_RENTED,36688,3050,2709,44115,0.0,0.0,0.0,1400.802950819672,0.0
0,0,2027,NATURAL_GAS_BOILER,PRIVATELY_RENTED,36923,2949,2714,47064,0.0,0.0,0.0,1402.5700237368599,0.0
0,0,2028,NATURAL_GAS_BOILER,PRIVATELY_RENTED,37155,3012,2780,50076,0.0,0.0,0.0,1404.3741699867198,0.0
0,0,2029,NATURAL_GAS_BOILER,PRIVATELY_RENTED,37297,2942,2800,53018,0.0,0.0,0.0,1372.3110129163833,0.0
0,0,2030,NATURAL_GAS_BOILER,PRIVATELY_RENTED,37509,3261,3049,56279,0.0,0.0,0.0,1341.8853112542165,0.0
0,0,2031,NATURAL_GAS_BOILER,PRIVATELY_RENTED,37484,2908,2933,59187,0.0,0.0,0.0,1351.4642365887207,0.0
0,0,2032,NATURAL_GAS_BOILER,PRIVATELY_RENTED,37622,3234,3096,62421,0.0,0.0,0.0,1299.6907854050712,0.0
0,0,2033,NATURAL_GAS_BOILER,PRIVATELY_RENTED,37614,2755,2763,65176,0.0,0.0,0.0,1334.9531760435573,0.0
0,0,2034,NATURAL_GAS_BOILER,PRIVATELY_RENTED,37259,2543,2898,67719,0.0,0.0,0.0,1343.073928430987,0.0
0,0,2035,NATURAL_GAS_BOILER,PRIVATELY_RENTED,36979,2390,2670,70109,0.0,0.0,0.0,1367.042259414226,0.0
0,0,2036,NATURAL_GAS_BOILER,PRIVATELY_RENTED,36529,2202,2652,72311,0.0,0.0,0.0,1360.216621253406,0.0
0,0,2037,NATURAL_GAS_BOILER,PRIVATELY_RENTED,34769,3523,5283,75834,0.0,0.0,0.0,1328.8061311382344,0.0
0,0,2038,NATURAL_GAS_BOILER,PRIVATELY_RENTED,33903,2184,3050,78018,0.0,0.0,0.0,1315.0091575091576,0.0
0,0,2039,NATURAL_GAS_BOILER,PRIVATELY_RENTED,33083,2129,2949,80147,0.0,0.0,0.0,1292.8783466416157,0.0
0,0,2040,NATURAL_GAS_BOILER,PRIVATELY_RENTED,32220,2149,3012,82296,0.0,0.0,0.0,1318.9171707771056,0.0
0,0,2041,NATURAL_GAS_BOILER,PRIVATELY_RENTED,31467,2189,2942,84485,0.0,0.0,0.0,1271.6806761078117,0.0
0,0,2042,NATURAL_GAS_BOILER,PRIVATELY_RENTED,30601,2395,3261,86880,0.0,0.0,0.0,1257.9536534446763,0.0
0,0,2043,NATURAL_GAS_BOILER,PRIVATELY_RENTED,29879,2186,2908,89066,0.0,0.0,0.0,1260.5352241537055,0.0
0,0,2044,NATURAL_GAS_BOILER,PRIVATELY_RENTED,29037,2392,3234,91458,0.0,0.0,0.0,1221.5990802675585,0.0
0,0,2045,NATURAL_GAS_BOILER,PRIVATELY_RENTED,28311,2029,2755,93487,0.0,0.0,0.0,1256.244455396747,0.0
0,0,2046,NATURAL_GAS_BOILER,PRIVATELY_RENTED,27620,1852,2543,95339,0.0,0.0,0.0,1279.6598272138228,0.0
0,0,2047,NATURAL_GAS_BOILER,PRIVATELY_RENTED,26948,1718,2390,97057,0.0,0.0,0.0,1282.3178114086147,0.0
0,0,2048,NATURAL_GAS_BOILER,PRIVATELY_RENTED,26326,1580,2202,98637,0.0,0.0,0.0,1286.5373417721519,0.0
0,0,2049,NATURAL_GAS_BOILER,PRIVATELY_RENTED,25262,2459,3523,101096,0.0,0.0,0.0,1243.215128100854,0.0
0,0,2050,NATURAL_GAS_BOILER,PRIVATELY_RENTED,24676,1598,2184,102694,0.0,0.0,0.0,1209.275969962453,0.0
0,0,2024,NATURAL_GAS_BLOCK,Total,27305,27305,0,27305,0.0,0.0,0.0,0.0,0.0
0,0,2025,NATURAL_GAS_BLOCK,Total,24817,0,2488,27305,0.0,0.0,0.0,0.0,0.0
0,0,2026,NATURAL_GAS_BLOCK,Total,23282,0,1535,27305,0.0,0.0,0.0,0.0,0.0
0,0,2027,NATURAL_GAS_BLOCK,Total,21718,0,1564,27305,0.0,0.0,0.0,0.0,0.0
0,0,2028,NATURAL_GAS_BLOCK,Total,19899,0,1819,27305,0.0,0.0,0.0,0.0,0.0
0,0,2029,NATURAL_GAS_BLOCK,Total,18112,0,1787,27305,0.0,0.0,0.0,0.0,0.0
0,0,2030,NATURAL_GAS_BLOCK,Total,16175,0,1937,27305,0.0,0.0,0.0,0.0,0.0
0,0,2031,NATURAL_GAS_BLOCK,Total,13960,0,2215,27305,0.0,0.0,0.0,0.0,0.0
0,0,2032,NATURAL_GAS_BLOCK,Total,11302,0,2658,27305,0.0,0.0,0.0,0.0,0.0
0,0,2033,NATURAL_GAS_BLOCK,Total,7689,0,3613,27305,0.0,0.0,0.0,0.0,0.0
0,0,2034,NATURAL_GAS_BLOCK,Total,4654,0,3035,27305,0.0,0.0,0.0,0.0,0.0
0,0,2035,NATURAL_GAS_BLOCK,Total,2353,0,2301,27305,0.0,0.0,0.0,0.0,0.0
0,0,2036,NATURAL_GAS_BLOCK,Total,539,0,1814,27305,0.0,0.0,0.0,0.0,0.0
0,0,2037,NATURAL_GAS_BLOCK,Total,296,0,243,27305,0.0,0.0,0.0,0.0,0.0
0,0,2038,NATURAL_GAS_BLOCK,Total,146,0,150,27305,0.0,0.0,0.0,0.0,0.0
0,0,2039,NATURAL_GAS_BLOCK,Total,35,0,111,27305,0.0,0.0,0.0,0.0,0.0
0,0,2040,NATURAL_GAS_BLOCK,Total,35,0,0,27305,0.0,0.0,0.0,0.0,0.0
0,0,2041,NATURAL_GAS_BLOCK,Total,30,0,5,27305,0.0,0.0,0.0,0.0,0.0
0,0,2042,NATURAL_GAS_BLOCK,Total,29,0,1,27305,0.0,0.0,0.0,0.0,0.0
0,0,2043,NATURAL_GAS_BLOCK,Total,25,0,4,27305,0.0,0.0,0.0,0.0,0.0
0,0,2044,NATURAL_GAS_BLOCK,Total,24,0,1,27305,0.0,0.0,0.0,0.0,0.0
0,0,2045,NATURAL_GAS_BLOCK,Total,22,0,2,27305,0.0,0.0,0.0,0.0,0.0
0,0,2046,NATURAL_GAS_BLOCK,Total,21,0,1,27305,0.0,0.0,0.0,0.0,0.0
0,0,2047,NATURAL_GAS_BLOCK,Total,18,0,3,27305,0.0,0.0,0.0,0.0,0.0
0,0,2048,NATURAL_GAS_BLOCK,Total,18,0,0,27305,0.0,0.0,0.0,0.0,0.0
0,0,2049,NATURAL_GAS_BLOCK,Total,18,0,0,27305,0.0,0.0,0.0,0.0,0.0
0,0,2050,NATURAL_GAS_BLOCK,Total,18,0,0,27305,0.0,0.0,0.0,0.0,0.0
0,0,2024,NATURAL_GAS_BLOCK,PRIVATELY_OWNED,15641,15641,0,15641,0.0,0.0,0.0,0.0,0.0
0,0,2025,NATURAL_GAS_BLOCK,PRIVATELY_OWNED,13696,0,1945,15641,0.0,0.0,0.0,0.0,0.0
0,0,2026,NATURAL_GAS_BLOCK,PRIVATELY_OWNED,12491,0,1205,15641,0.0,0.0,0.0,0.0,0.0
0,0,2027,NATURAL_GAS_BLOCK,PRIVATELY_OWNED,11278,0,1213,15641,0.0,0.0,0.0,0.0,0.0
0,0,2028,NATURAL_GAS_BLOCK,PRIVATELY_OWNED,10070,0,1208,15641,0.0,0.0,0.0,0.0,0.0
0,0,2029,NATURAL_GAS_BLOCK,PRIVATELY_OWNED,8854,0,1216,15641,0.0,0.0,0.0,0.0,0.0
0,0,2030,NATURAL_GAS_BLOCK,PRIVATELY_OWNED,7596,0,1258,15641,0.0,0.0,0.0,0.0,0.0
0,0,2031,NATURAL_GAS_BLOCK,PRIVATELY_OWNED,6324,0,1272,15641,0.0,0.0,0.0,0.0,0.0
0,0,2032,NATURAL_GAS_BLOCK,PRIVATELY_OWNED,5116,0,1208,15641,0.0,0.0,0.0,0.0,0.0
0,0,2033,NATURAL_GAS_BLOCK,PRIVATELY_OWNED,3857,0,1259,15641,0.0,0.0,0.0,0.0,0.0
0,0,2034,NATURAL_GAS_BLOCK,PRIVATELY_OWNED,2415,0,1442,15641,0.0,0.0,0.0,0.0,0.0
0,0,2035,NATURAL_GAS_BLOCK,PRIVATELY_OWNED,1150,0,1265,15641,0.0,0.0,0.0,0.0,0.0
0,0,2036,NATURAL_GAS_BLOCK,PRIVATELY_OWNED,0,0,1150,15641,0.0,0.0,0.0,0.0,0.0
0,0,2037,NATURAL_GAS_BLOCK,PRIVATELY_OWNED,0,0,0,15641,0.0,0.0,0.0,0.0,0.0
0,0,2038,NATURAL_GAS_BLOCK,PRIVATELY_OWNED,0,0,0,15641,0.0,0.0,0.0,0.0,0.0
0,0,2039,NATURAL_GAS_BLOCK,PRIVATELY_OWNED,0,0,0,15641,0.0,0.0,0.0,0.0,0.0
0,0,2040,NATURAL_GAS_BLOCK,PRIVATELY_OWNED,0,0,0,15641,0.0,0.0,0.0,0.0,0.0
0,0,2041,NATURAL_GAS_BLOCK,PRIVATELY_OWNED,0,0,0,15641,0.0,0.0,0.0,0.0,0.0
0,0,2042,NATURAL_GAS_BLOCK,PRIVATELY_OWNED,0,0,0,15641,0.0,0.0,0.0,0.0,0.0
0,0,2043,NATURAL_GAS_BLOCK,PRIVATELY_OWNED,0,0,0,15641,0.0,0.0,0.0,0.0,0.0
0,0,2044,NATURAL_GAS_BLOCK,PRIVATELY_OWNED,0,0,0,15641,0.0,0.0,0.0,0.0,0.0
0,0,2045,NATURAL_GAS_BLOCK,PRIVATELY_OWNED,0,0,0,15641,0.0,0.0,0.0,0.0,0.0
0,0,2046,NATURAL_GAS_BLOCK,PRIVATELY_OWNED,0,0,0,15641,0.0,0.0,0.0,0.0,0.0
0,0,2047,NATURAL_GAS_BLOCK,PRIVATELY_OWNED,0,0,0,15641,0.0,0.0,0.0,0.0,0.0
0,0,2048,NATURAL_GAS_BLOCK,PRIVATELY_OWNED,0,0,0,15641,0.0,0.0,0.0,0.0,0.0
0,0,2049,NATURAL_GAS_BLOCK,PRIVATELY_OWNED,0,0,0,15641,0.0,0.0,0.0,0.0,0.0
0,0,2050,NATURAL_GAS_BLOCK,PRIVATELY_OWNED,0,0,0,15641,0.0,0.0,0.0,0.0,0.0
0,0,2024,NATURAL_GAS_BLOCK,SOCIAL_HOUSING,7608,7608,0,7608,0.0,0.0,0.0,0.0,0.0
0,0,2025,NATURAL_GAS_BLOCK,SOCIAL_HOUSING,7599,0,9,7608,0.0,0.0,0.0,0.0,0.0
0,0,2026,NATURAL_GAS_BLOCK,SOCIAL_HOUSING,7589,0,10,7608,0.0,0.0,0.0,0.0,0.0
0,0,2027,NATURAL_GAS_BLOCK,SOCIAL_HOUSING,7550,0,39,7608,0.0,0.0,0.0,0.0,0.0
0,0,2028,NATURAL_GAS_BLOCK,SOCIAL_HOUSING,7282,0,268,7608,0.0,0.0,0.0,0.0,0.0
0,0,2029,NATURAL_GAS_BLOCK,SOCIAL_HOUSING,7025,0,257,7608,0.0,0.0,0.0,0.0,0.0
0,0,2030,NATURAL_GAS_BLOCK,SOCIAL_HOUSING,6724,0,301,7608,0.0,0.0,0.0,0.0,0.0
0,0,2031,NATURAL_GAS_BLOCK,SOCIAL_HOUSING,6106,0,618,7608,0.0,0.0,0.0,0.0,0.0
0,0,2032,NATURAL_GAS_BLOCK,SOCIAL_HOUSING,4968,0,1138,7608,0.0,0.0,0.0,0.0,0.0
0,0,2033,NATURAL_GAS_BLOCK,SOCIAL_HOUSING,2926,0,2042,7608,0.0,0.0,0.0,0.0,0.0
0,0,2034,NATURAL_GAS_BLOCK,SOCIAL_HOUSING,1627,0,1299,7608,0.0,0.0,0.0,0.0,0.0
0,0,2035,NATURAL_GAS_BLOCK,SOCIAL_HOUSING,902,0,725,7608,0.0,0.0,0.0,0.0,0.0
0,0,2036,NATURAL_GAS_BLOCK,SOCIAL_HOUSING,539,0,363,7608,0.0,0.0,0.0,0.0,0.0
0,0,2037,NATURAL_GAS_BLOCK,SOCIAL_HOUSING,296,0,243,7608,0.0,0.0,0.0,0.0,0.0
0,0,2038,NATURAL_GAS_BLOCK,SOCIAL_HOUSING,146,0,150,7608,0.0,0.0,0.0,0.0,0.0
0,0,2039,NATURAL_GAS_BLOCK,SOCIAL_HOUSING,35,0,111,7608,0.0,0.0,0.0,0.0,0.0
0,0,2040,NATURAL_GAS_BLOCK,SOCIAL_HOUSING,35,0,0,7608,0.0,0.0,0.0,0.0,0.0
0,0,2041,NATURAL_GAS_BLOCK,SOCIAL_HOUSING,30,0,5,7608,0.0,0.0,0.0,0.0,0.0
0,0,2042,NATURAL_GAS_BLOCK,SOCIAL_HOUSING,29,0,1,7608,0.0,0.0,0.0,0.0,0.0
0,0,2043,NATURAL_GAS_BLOCK,SOCIAL_HOUSING,25,0,4,7608,0.0,0.0,0.0,0.0,0.0
0,0,2044,NATURAL_GAS_BLOCK,SOCIAL_HOUSING,24,0,1,7608,0.0,0.0,0.0,0.0,0.0
0,0,2045,NATURAL_GAS_BLOCK,SOCIAL_HOUSING,22,0,2,7608,0.0,0.0,0.0,0.0,0.0
0,0,2046,NATURAL_GAS_BLOCK,SOCIAL_HOUSING,21,0,1,7608,0.0,0.0,0.0,0.0,0.0
0,0,2047,NATURAL_GAS_BLOCK,SOCIAL_HOUSING,18,0,3,7608,0.0,0.0,0.0,0.0,0.0
0,0,2048,NATURAL_GAS_BLOCK,SOCIAL_HOUSING,18,0,0,7608,0.0,0.0,0.0,0.0,0.0
0,0,2049,NATURAL_GAS_BLOCK,SOCIAL_HOUSING,18,0,0,7608,0.0,0.0,0.0,0.0,0.0
0,0,2050,NATURAL_GAS_BLOCK,SOCIAL_HOUSING,18,0,0,7608,0.0,0.0,0.0,0.0,0.0
0,0,2024,NATURAL_GAS_BLOCK,PRIVATELY_RENTED,4056,4056,0,4056,0.0,0.0,0.0,0.0,0.0
0,0,2025,NATURAL_GAS_BLOCK,PRIVATELY_RENTED,3522,0,534,4056,0.0,0.0,0.0,0.0,0.0
0,0,2026,NATURAL_GAS_BLOCK,PRIVATELY_RENTED,3202,0,320,4056,0.0,0.0,0.0,0.0,0.0
0,0,2027,NATURAL_GAS_BLOCK,PRIVATELY_RENTED,2890,0,312,4056,0.0,0.0,0.0,0.0,0.0
0,0,2028,NATURAL_GAS_BLOCK,PRIVATELY_RENTED,2547,0,343,4056,0.0,0.0,0.0,0.0,0.0
0,0,2029,NATURAL_GAS_BLOCK,PRIVATELY_RENTED,2233,0,314,4056,0.0,0.0,0.0,0.0,0.0
0,0,2030,NATURAL_GAS_BLOCK,PRIVATELY_RENTED,1855,0,378,4056,0.0,0.0,0.0,0.0,0.0
0,0,2031,NATURAL_GAS_BLOCK,PRIVATELY_RENTED,1530,0,325,4056,0.0,0.0,0.0,0.0,0.0
0,0,2032,NATURAL_GAS_BLOCK,PRIVATELY_RENTED,1218,0,312,4056,0.0,0.0,0.0,0.0,0.0
0,0,2033,NATURAL_GAS_BLOCK,PRIVATELY_RENTED,906,0,312,4056,0.0,0.0,0.0,0.0,0.0
0,0,2034,NATURAL_GAS_BLOCK,PRIVATELY_RENTED,612,0,294,4056,0.0,0.0,0.0,0.0,0.0
0,0,2035,NATURAL_GAS_BLOCK,PRIVATELY_RENTED,301,0,311,4056,0.0,0.0,0.0,0.0,0.0
0,0,2036,NATURAL_GAS_BLOCK,PRIVATELY_RENTED,0,0,301,4056,0.0,0.0,0.0,0.0,0.0
0,0,2037,NATURAL_GAS_BLOCK,PRIVATELY_RENTED,0,0,0,4056,0.0,0.0,0.0,0.0,0.0
0,0,2038,NATURAL_GAS_BLOCK,PRIVATELY_RENTED,0,0,0,4056,0.0,0.0,0.0,0.0,0.0
0,0,2039,NATURAL_GAS_BLOCK,PRIVATELY_RENTED,0,0,0,4056,0.0,0.0,0.0,0.0,0.0
0,0,2040,NATURAL_GAS_BLOCK,PRIVATELY_RENTED,0,0,0,4056,0.0,0.0,0.0,0.0,0.0
0,0,2041,NATURAL_GAS_BLOCK,PRIVATELY_RENTED,0,0,0,4056,0.0,0.0,0.0,0.0,0.0
0,0,2042,NATURAL_GAS_BLOCK,PRIVATELY_RENTED,0,0,0,4056,0.0,0.0,0.0,0.0,0.0
0,0,2043,NATURAL_GAS_BLOCK,PRIVATELY_RENTED,0,0,0,4056,0.0,0.0,0.0,0.0,0.0
0,0,2044,NATURAL_GAS_BLOCK,PRIVATELY_RENTED,0,0,0,4056,0.0,0.0,0.0,0.0,0.0
0,0,2045,NATURAL_GAS_BLOCK,PRIVATELY_RENTED,0,0,0,4056,0.0,0.0,0.0,0.0,0.0
0,0,2046,NATURAL_GAS_BLOCK,PRIVATELY_RENTED,0,0,0,4056,0.0,0.0,0.0,0.0,0.0
0,0,2047,NATURAL_GAS_BLOCK,PRIVATELY_RENTED,0,0,0,4056,0.0,0.0,0.0,0.0,0.0
0,0,2048,NATURAL_GAS_BLOCK,PRIVATELY_RENTED,0,0,0,4056,0.0,0.0,0.0,0.0,0.0
0,0,2049,NATURAL_GAS_BLOCK,PRIVATELY_RENTED,0,0,0,4056,0.0,0.0,0.0,0.0,0.0
0,0,2050,NATURAL_GAS_BLOCK,PRIVATELY_RENTED,0,0,0,4056,0.0,0.0,0.0,0.0,0.0
0,0,2024,DISTRICT_HEATING,Total,29622,29622,0,29622,0.0,0.0,0.0,0.0,0.0
0,0,2025,DISTRICT_HEATING,Total,29038,13,597,29635,0.0,0.0,0.0,1332.0,0.0
0,0,2026,DISTRICT_HEATING,Total,28533,10,515,29645,0.0,0.0,0.0,1916.0,0.0
0,0,2027,DISTRICT_HEATING,Total,27974,4,563,29649,0.0,0.0,0.0,1111.0,0.0
0,0,2028,DISTRICT_HEATING,Total,26893,2,1083,29651,0.0,0.0,0.0,1740.0,0.0
0,0,2029,DISTRICT_HEATING,Total,25623,4,1274,29655,0.0,0.0,0.0,2128.0,0.0
0,0,2030,DISTRICT_HEATING,Total,24146,5,1482,29660,0.0,0.0,0.0,1602.0,0.0
0,0,2031,DISTRICT_HEATING,Total,22274,5,1877,29665,0.0,0.0,0.0,1313.0,0.0
0,0,2032,DISTRICT_HEATING,Total,19900,7,2381,29672,0.0,0.0,0.0,1344.0,0.0
0,0,2033,DISTRICT_HEATING,Total,18069,1,1832,29673,0.0,0.0,0.0,323.0,0.0
0,0,2034,DISTRICT_HEATING,Total,16971,0,1098,29673,0.0,0.0,0.0,0.0,0.0
0,0,2035,DISTRICT_HEATING,Total,15803,1,1169,29674,0.0,0.0,0.0,352.0,0.0
0,0,2036,DISTRICT_HEATING,Total,14925,1,879,29675,0.0,0.0,0.0,914.0,0.0
0,0,2037,DISTRICT_HEATING,Total,14026,0,899,29675,0.0,0.0,0.0,0.0,0.0
0,0,2038,DISTRICT_HEATING,Total,12875,0,1151,29675,0.0,0.0,0.0,0.0,0.0
0,0,2039,DISTRICT_HEATING,Total,11789,0,1086,29675,0.0,0.0,0.0,0.0,0.0
0,0,2040,DISTRICT_HEATING,Total,10998,0,791,29675,0.0,0.0,0.0,0.0,0.0
0,0,2041,DISTRICT_HEATING,Total,10093,0,905,29675,0.0,0.0,0.0,0.0,0.0
0,0,2042,DISTRICT_HEATING,Total,9527,0,566,29675,0.0,0.0,0.0,0.0,0.0
0,0,2043,DISTRICT_HEATING,Total,8597,1,931,29676,0.0,0.0,0.0,369.0,0.0
0,0,2044,DISTRICT_HEATING,Total,8121,0,476,29676,0.0,0.0,0.0,0.0,0.0
0,0,2045,DISTRICT_HEATING,Total,7525,0,596,29676,0.0,0.0,0.0,0.0,0.0
0,0,2046,DISTRICT_HEATING,Total,6576,0,949,29676,0.0,0.0,0.0,0.0,0.0
0,0,2047,DISTRICT_HEATING,Total,5701,0,875,29676,0.0,0.0,0.0,0.0,0.0
0,0,2048,DISTRICT_HEATING,Total,5093,0,608,29676,0.0,0.0,0.0,0.0,0.0
0,0,2049,DISTRICT_HEATING,Total,4253,0,840,29676,0.0,0.0,0.0,0.0,0.0
0,0,2050,DISTRICT_HEATING,Total,3762,0,491,29676,0.0,0.0,0.0,0.0,0.0
0,0,2024,DISTRICT_HEATING,PRIVATELY_OWNED,16423,16423,0,16423,0.0,0.0,0.0,0.0,0.0
0,0,2025,DISTRICT_HEATING,PRIVATELY_OWNED,16111,13,325,16436,0.0,0.5248875241735402,0.2632095771974314,1332.7692307692307,0.7544300891106311
0,0,2026,DISTRICT_HEATING,PRIVATELY_OWNED,15827,8,292,16444,0.0,0.5170561568802415,0.24649582873267084,1536.75,0.7447722567287786
0,0,2027,DISTRICT_HEATING,PRIVATELY_OWNED,15546,4,285,16448,0.0,0.5290645063471151,0.24956082564778218,1111.0,0.7624016563146998
0,0,2028,DISTRICT_HEATING,PRIVATELY_OWNED,15071,2,477,16450,0.0,0.5123942103408827,0.2596153846153846,1740.0,0.7361393924344011
0,0,2029,DISTRICT_HEATING,PRIVATELY_OWNED,14542,3,532,16453,0.0,0.5156825983190955,0.2981931112365895,1737.3333333333333,0.7362497585740696
0,0,2030,DISTRICT_HEATING,PRIVATELY_OWNED,13765,3,780,16456,0.0,0.5248764583970692,0.23656898656898653,1218.0,0.7577435642744805
0,0,2031,DISTRICT_HEATING,PRIVATELY_OWNED,12642,5,1128,16461,0.0,0.5267368847839622,0.2903790412486065,1313.0,0.7538079470198675
0,0,2032,DISTRICT_HEATING,PRIVATELY_OWNED,11442,7,1207,16468,0.0,0.5232903836177334,0.25952244636455163,1344.7142857142858,0.7524952696310312
0,0,2033,DISTRICT_HEATING,PRIVATELY_OWNED,10439,0,1003,16468,0.0,0.0,0.0,0.0,0.0
0,0,2034,DISTRICT_HEATING,PRIVATELY_OWNED,9810,0,629,16468,0.0,0.0,0.0,0.0,0.0
0,0,2035,DISTRICT_HEATING,PRIVATELY_OWNED,9181,0,629,16468,0.0,0.0,0.0,0.0,0.0
0,0,2036,DISTRICT_HEATING,PRIVATELY_OWNED,8626,1,556,16469,0.0,0.5420028901219645,0.35294117647058826,914.0,0.7688866881241232
0,0,2037,DISTRICT_HEATING,PRIVATELY_OWNED,7995,0,631,16469,0.0,0.0,0.0,0.0,0.0
0,0,2038,DISTRICT_HEATING,PRIVATELY_OWNED,7300,0,695,16469,0.0,0.0,0.0,0.0,0.0
0,0,2039,DISTRICT_HEATING,PRIVATELY_OWNED,6803,0,497,16469,0.0,0.0,0.0,0.0,0.0
0,0,2040,DISTRICT_HEATING,PRIVATELY_OWNED,6348,0,455,16469,0.0,0.0,0.0,0.0,0.0
0,0,2041,DISTRICT_HEATING,PRIVATELY_OWNED,6032,0,316,16469,0.0,0.0,0.0,0.0,0.0
0,0,2042,DISTRICT_HEATING,PRIVATELY_OWNED,5744,0,288,16469,0.0,0.0,0.0,0.0,0.0
0,0,2043,DISTRICT_HEATING,PRIVATELY_OWNED,5383,0,361,16469,0.0,0.0,0.0,0.0,0.0
0,0,2044,DISTRICT_HEATING,PRIVATELY_OWNED,5095,0,288,16469,0.0,0.0,0.0,0.0,0.0
0,0,2045,DISTRICT_HEATING,PRIVATELY_OWNED,4843,0,252,16469,0.0,0.0,0.0,0.0,0.0
0,0,2046,DISTRICT_HEATING,PRIVATELY_OWNED,4520,0,323,16469,0.0,0.0,0.0,0.0,0.0
0,0,2047,DISTRICT_HEATING,PRIVATELY_OWNED,4234,0,286,16469,0.0,0.0,0.0,0.0,0.0
0,0,2048,DISTRICT_HEATING,PRIVATELY_OWNED,3868,0,366,16469,0.0,0.0,0.0,0.0,0.0
0,0,2049,DISTRICT_HEATING,PRIVATELY_OWNED,3275,0,593,16469,0.0,0.0,0.0,0.0,0.0
0,0,2050,DISTRICT_HEATING,PRIVATELY_OWNED,2997,0,278,16469,0.0,0.0,0.0,0.0,0.0
0,0,2024,DISTRICT_HEATING,SOCIAL_HOUSING,8856,8856,0,8856,0.0,0.0,0.0,0.0,0.0
0,0,2025,DISTRICT_HEATING,SOCIAL_HOUSING,8697,0,159,8856,0.0,0.0,0.0,0.0,0.0
0,0,2026,DISTRICT_HEATING,SOCIAL_HOUSING,8596,0,101,8856,0.0,0.0,0.0,0.0,0.0
0,0,2027,DISTRICT_HEATING,SOCIAL_HOUSING,8409,0,187,8856,0.0,0.0,0.0,0.0,0.0
0,0,2028,DISTRICT_HEATING,SOCIAL_HOUSING,7934,0,475,8856,0.0,0.0,0.0,0.0,0.0
0,0,2029,DISTRICT_HEATING,SOCIAL_HOUSING,7342,0,592,8856,0.0,0.0,0.0,0.0,0.0
0,0,2030,DISTRICT_HEATING,SOCIAL_HOUSING,6885,0,457,8856,0.0,0.0,0.0,0.0,0.0
0,0,2031,DISTRICT_HEATING,SOCIAL_HOUSING,6256,0,629,8856,0.0,0.0,0.0,0.0,0.0
0,0,2032,DISTRICT_HEATING,SOCIAL_HOUSING,5548,0,708,8856,0.0,0.0,0.0,0.0,0.0
0,0,2033,DISTRICT_HEATING,SOCIAL_HOUSING,5031,0,517,8856,0.0,0.0,0.0,0.0,0.0
0,0,2034,DISTRICT_HEATING,SOCIAL_HOUSING,4639,0,392,8856,0.0,0.0,0.0,0.0,0.0
0,0,2035,DISTRICT_HEATING,SOCIAL_HOUSING,4276,0,363,8856,0.0,0.0,0.0,0.0,0.0
0,0,2036,DISTRICT_HEATING,SOCIAL_HOUSING,4077,0,199,8856,0.0,0.0,0.0,0.0,0.0
0,0,2037,DISTRICT_HEATING,SOCIAL_HOUSING,3917,0,160,8856,0.0,0.0,0.0,0.0,0.0
0,0,2038,DISTRICT_HEATING,SOCIAL_HOUSING,3669,0,248,8856,0.0,0.0,0.0,0.0,0.0
0,0,2039,DISTRICT_HEATING,SOCIAL_HOUSING,3345,0,324,8856,0.0,0.0,0.0,0.0,0.0
0,0,2040,DISTRICT_HEATING,SOCIAL_HOUSING,3166,0,179,8856,0.0,0.0,0.0,0.0,0.0
0,0,2041,DISTRICT_HEATING,SOCIAL_HOUSING,2775,0,391,8856,0.0,0.0,0.0,0.0,0.0
0,0,2042,DISTRICT_HEATING,SOCIAL_HOUSING,2572,0,203,8856,0.0,0.0,0.0,0.0,0.0
0,0,2043,DISTRICT_HEATING,SOCIAL_HOUSING,2168,0,404,8856,0.0,0.0,0.0,0.0,0.0
0,0,2044,DISTRICT_HEATING,SOCIAL_HOUSING,2072,0,96,8856,0.0,0.0,0.0,0.0,0.0
0,0,2045,DISTRICT_HEATING,SOCIAL_HOUSING,1848,0,224,8856,0.0,0.0,0.0,0.0,0.0
0,0,2046,DISTRICT_HEATING,SOCIAL_HOUSING,1291,0,557,8856,0.0,0.0,0.0,0.0,0.0
0,0,2047,DISTRICT_HEATING,SOCIAL_HOUSING,806,0,485,8856,0.0,0.0,0.0,0.0,0.0
0,0,2048,DISTRICT_HEATING,SOCIAL_HOUSING,657,0,149,8856,0.0,0.0,0.0,0.0,0.0
0,0,2049,DISTRICT_HEATING,SOCIAL_HOUSING,504,0,153,8856,0.0,0.0,0.0,0.0,0.0
0,0,2050,DISTRICT_HEATING,SOCIAL_HOUSING,469,0,35,8856,0.0,0.0,0.0,0.0,0.0
0,0,2024,DISTRICT_HEATING,PRIVATELY_RENTED,4343,4343,0,4343,0.0,0.0,0.0,0.0,0.0
0,0,2025,DISTRICT_HEATING,PRIVATELY_RENTED,4230,0,113,4343,0.0,0.0,0.0,0.0,0.0
0,0,2026,DISTRICT_HEATING,PRIVATELY_RENTED,4110,2,122,4345,0.0,0.0,0.0,380.0,0.0
0,0,2027,DISTRICT_HEATING,PRIVATELY_RENTED,4019,0,91,4345,0.0,0.0,0.0,0.0,0.0
0,0,2028,DISTRICT_HEATING,PRIVATELY_RENTED,3888,0,131,4345,0.0,0.0,0.0,0.0,0.0
0,0,2029,DISTRICT_HEATING,PRIVATELY_RENTED,3739,1,150,4346,0.0,0.0,0.0,391.0,0.0
0,0,2030,DISTRICT_HEATING,PRIVATELY_RENTED,3496,2,245,4348,0.0,0.0,0.0,384.5,0.0
0,0,2031,DISTRICT_HEATING,PRIVATELY_RENTED,3376,0,120,4348,0.0,0.0,0.0,0.0,0.0
0,0,2032,DISTRICT_HEATING,PRIVATELY_RENTED,2910,0,466,4348,0.0,0.0,0.0,0.0,0.0
0,0,2033,DISTRICT_HEATING,PRIVATELY_RENTED,2599,1,312,4349,0.0,0.0,0.0,323.0,0.0
0,0,2034,DISTRICT_HEATING,PRIVATELY_RENTED,2522,0,77,4349,0.0,0.0,0.0,0.0,0.0
0,0,2035,DISTRICT_HEATING,PRIVATELY_RENTED,2346,1,177,4350,0.0,0.0,0.0,352.0,0.0
0,0,2036,DISTRICT_HEATING,PRIVATELY_RENTED,2222,0,124,4350,0.0,0.0,0.0,0.0,0.0
0,0,2037,DISTRICT_HEATING,PRIVATELY_RENTED,2114,0,108,4350,0.0,0.0,0.0,0.0,0.0
0,0,2038,DISTRICT_HEATING,PRIVATELY_RENTED,1906,0,208,4350,0.0,0.0,0.0,0.0,0.0
0,0,2039,DISTRICT_HEATING,PRIVATELY_RENTED,1641,0,265,4350,0.0,0.0,0.0,0.0,0.0
0,0,2040,DISTRICT_HEATING,PRIVATELY_RENTED,1484,0,157,4350,0.0,0.0,0.0,0.0,0.0
0,0,2041,DISTRICT_HEATING,PRIVATELY_RENTED,1286,0,198,4350,0.0,0.0,0.0,0.0,0.0
0,0,2042,DISTRICT_HEATING,PRIVATELY_RENTED,1211,0,75,4350,0.0,0.0,0.0,0.0,0.0
0,0,2043,DISTRICT_HEATING,PRIVATELY_RENTED,1046,1,166,4351,0.0,0.0,0.0,369.0,0.0
0,0,2044,DISTRICT_HEATING,PRIVATELY_RENTED,954,0,92,4351,0.0,0.0,0.0,0.0,0.0
0,0,2045,DISTRICT_HEATING,PRIVATELY_RENTED,834,0,120,4351,0.0,0.0,0.0,0.0,0.0
0,0,2046,DISTRICT_HEATING,PRIVATELY_RENTED,765,0,69,4351,0.0,0.0,0.0,0.0,0.0
0,0,2047,DISTRICT_HEATING,PRIVATELY_RENTED,661,0,104,4351,0.0,0.0,0.0,0.0,0.0
0,0,2048,DISTRICT_HEATING,PRIVATELY_RENTED,568,0,93,4351,0.0,0.0,0.0,0.0,0.0
0,0,2049,DISTRICT_HEATING,PRIVATELY_RENTED,474,0,94,4351,0.0,0.0,0.0,0.0,0.0
0,0,2050,DISTRICT_HEATING,PRIVATELY_RENTED,296,0,178,4351,0.0,0.0,0.0,0.0,0.0
0,0,2024,ELECTRIC_HEAT_PUMP,Total,11457,11457,0,11457,0.0,0.0,0.0,0.0,0.0
0,0,2025,ELECTRIC_HEAT_PUMP,Total,10666,26,817,11483,0.0,0.0,0.0,1323.0,0.0
0,0,2026,ELECTRIC_HEAT_PUMP,Total,10167,8,507,11491,0.0,0.0,0.0,1290.0,0.0
0,0,2027,ELECTRIC_HEAT_PUMP,Total,9756,5,416,11496,0.0,0.0,0.0,1122.0,0.0
0,0,2028,ELECTRIC_HEAT_PUMP,Total,8749,6,1013,11502,0.0,0.0,0.0,1325.0,0.0
0,0,2029,ELECTRIC_HEAT_PUMP,Total,8078,4,675,11506,0.0,0.0,0.0,1355.0,0.0
0,0,2030,ELECTRIC_HEAT_PUMP,Total,7551,1,528,11507,0.0,0.0,0.0,1377.0,0.0
0,0,2031,ELECTRIC_HEAT_PUMP,Total,6815,1,737,11508,0.0,0.0,0.0,1330.0,0.0
0,0,2032,ELECTRIC_HEAT_PUMP,Total,6063,0,752,11508,0.0,0.0,0.0,0.0,0.0
0,0,2033,ELECTRIC_HEAT_PUMP,Total,5118,0,945,11508,0.0,0.0,0.0,0.0,0.0
0,0,2034,ELECTRIC_HEAT_PUMP,Total,4292,0,826,11508,0.0,0.0,0.0,0.0,0.0
0,0,2035,ELECTRIC_HEAT_PUMP,Total,3446,2,848,11510,0.0,0.0,0.0,730.0,0.0
0,0,2036,ELECTRIC_HEAT_PUMP,Total,2728,1,719,11511,0.0,0.0,0.0,794.0,0.0
0,0,2037,ELECTRIC_HEAT_PUMP,Total,1432,1,1297,11512,0.0,0.0,0.0,1311.0,0.0
0,0,2038,ELECTRIC_HEAT_PUMP,Total,886,0,546,11512,0.0,0.0,0.0,0.0,0.0
0,0,2039,ELECTRIC_HEAT_PUMP,Total,510,0,376,11512,0.0,0.0,0.0,0.0,0.0
0,0,2040,ELECTRIC_HEAT_PUMP,Total,467,0,43,11512,0.0,0.0,0.0,0.0,0.0
0,0,2041,ELECTRIC_HEAT_PUMP,Total,421,0,46,11512,0.0,0.0,0.0,0.0,0.0
0,0,2042,ELECTRIC_HEAT_PUMP,Total,395,0,26,11512,0.0,0.0,0.0,0.0,0.0
0,0,2043,ELECTRIC_HEAT_PUMP,Total,338,0,57,11512,0.0,0.0,0.0,0.0,0.0
0,0,2044,ELECTRIC_HEAT_PUMP,Total,321,0,17,11512,0.0,0.0,0.0,0.0,0.0
0,0,2045,ELECTRIC_HEAT_PUMP,Total,295,0,26,11512,0.0,0.0,0.0,0.0,0.0
0,0,2046,ELECTRIC_HEAT_PUMP,Total,188,0,107,11512,0.0,0.0,0.0,0.0,0.0
0,0,2047,ELECTRIC_HEAT_PUMP,Total,86,0,102,11512,0.0,0.0,0.0,0.0,0.0
0,0,2048,ELECTRIC_HEAT_PUMP,Total,73,0,13,11512,0.0,0.0,0.0,0.0,0.0
0,0,2049,ELECTRIC_HEAT_PUMP,Total,43,0,30,11512,0.0,0.0,0.0,0.0,0.0
0,0,2050,ELECTRIC_HEAT_PUMP,Total,41,0,2,11512,0.0,0.0,0.0,0.0,0.0
0,0,2024,ELECTRIC_HEAT_PUMP,PRIVATELY_OWNED,6493,6493,0,6493,0.0,0.0,0.0,0.0,0.0
0,0,2025,ELECTRIC_HEAT_PUMP,PRIVATELY_OWNED,5917,26,602,6519,0.0,0.5267674931708156,0.14132702817871562,1323.1153846153845,0.7548194827115448
0,0,2026,ELECTRIC_HEAT_PUMP,PRIVATELY_OWNED,5586,8,339,6527,0.0,0.5209480676328502,0.10575051759834368,1290.125,0.7549844720496894
0,0,2027,ELECTRIC_HEAT_PUMP,PRIVATELY_OWNED,5294,5,297,6532,0.0,0.5320945479641132,0.14484886128364388,1122.4,0.7619296066252588
0,0,2028,ELECTRIC_HEAT_PUMP,PRIVATELY_OWNED,4932,6,368,6538,0.0,0.5228223889227029,0.12378420799473432,1325.6666666666667,0.753287531385371
0,0,2029,ELECTRIC_HEAT_PUMP,PRIVATELY_OWNED,4595,4,341,6542,0.0,0.5209594716735642,0.11746281464530892,1355.0,0.7520735038490192
0,0,2030,ELECTRIC_HEAT_PUMP,PRIVATELY_OWNED,4277,1,319,6543,0.0,0.5254666801558615,0.14814814814814814,1377.0,0.7511629831967552
0,0,2031,ELECTRIC_HEAT_PUMP,PRIVATELY_OWNED,3928,1,350,6544,0.0,0.5179425522968568,0.09523809523809523,1330.0,0.7531043046357615
0,0,2032,ELECTRIC_HEAT_PUMP,PRIVATELY_OWNED,3605,0,323,6544,0.0,0.0,0.0,0.0,0.0
0,0,2033,ELECTRIC_HEAT_PUMP,PRIVATELY_OWNED,3214,0,391,6544,0.0,0.0,0.0,0.0,0.0
0,0,2034,ELECTRIC_HEAT_PUMP,PRIVATELY_OWNED,2860,0,354,6544,0.0,0.0,0.0,0.0,0.0
0,0,2035,ELECTRIC_HEAT_PUMP,PRIVATELY_OWNED,2337,2,525,6546,0.0,0.5475102818817774,0.17914438502673796,730.0,0.7764793265659817
0,0,2036,ELECTRIC_HEAT_PUMP,PRIVATELY_OWNED,1855,1,483,6547,0.0,0.543670050342494,0.16666666666666666,794.0,0.7738384088470743
0,0,2037,ELECTRIC_HEAT_PUMP,PRIVATELY_OWNED,743,1,1113,6548,0.0,0.5334158620120492,0.19047619047619047,1311.0,0.7525047453990261
0,0,2038,ELECTRIC_HEAT_PUMP,PRIVATELY_OWNED,313,0,430,6548,0.0,0.0,0.0,0.0,0.0
0,0,2039,ELECTRIC_HEAT_PUMP,PRIVATELY_OWNED,55,0,258,6548,0.0,0.0,0.0,0.0,0.0
0,0,2040,ELECTRIC_HEAT_PUMP,PRIVATELY_OWNED,29,0,26,6548,0.0,0.0,0.0,0.0,0.0
0,0,2041,ELECTRIC_HEAT_PUMP,PRIVATELY_OWNED,21,0,8,6548,0.0,0.0,0.0,0.0,0.0
0,0,2042,ELECTRIC_HEAT_PUMP,PRIVATELY_OWNED,16,0,5,6548,0.0,0.0,0.0,0.0,0.0
0,0,2043,ELECTRIC_HEAT_PUMP,PRIVATELY_OWNED,10,0,6,6548,0.0,0.0,0.0,0.0,0.0
0,0,2044,ELECTRIC_HEAT_PUMP,PRIVATELY_OWNED,6,0,4,6548,0.0,0.0,0.0,0.0,0.0
0,0,2045,ELECTRIC_HEAT_PUMP,PRIVATELY_OWNED,5,0,1,6548,0.0,0.0,0.0,0.0,0.0
0,0,2046,ELECTRIC_HEAT_PUMP,PRIVATELY_OWNED,4,0,1,6548,0.0,0.0,0.0,0.0,0.0
0,0,2047,ELECTRIC_HEAT_PUMP,PRIVATELY_OWNED,4,0,0,6548,0.0,0.0,0.0,0.0,0.0
0,0,2048,ELECTRIC_HEAT_PUMP,PRIVATELY_OWNED,4,0,0,6548,0.0,0.0,0.0,0.0,0.0
0,0,2049,ELECTRIC_HEAT_PUMP,PRIVATELY_OWNED,4,0,0,6548,0.0,0.0,0.0,0.0,0.0
0,0,2050,ELECTRIC_HEAT_PUMP,PRIVATELY_OWNED,2,0,2,6548,0.0,0.0,0.0,0.0,0.0
0,0,2024,ELECTRIC_HEAT_PUMP,SOCIAL_HOUSING,3288,3288,0,3288,0.0,0.0,0.0,0.0,0.0
0,0,2025,ELECTRIC_HEAT_PUMP,SOCIAL_HOUSING,3269,0,19,3288,0.0,0.0,0.0,0.0,0.0
0,0,2026,ELECTRIC_HEAT_PUMP,SOCIAL_HOUSING,3215,0,54,3288,0.0,0.0,0.0,0.0,0.0
0,0,2027,ELECTRIC_HEAT_PUMP,SOCIAL_HOUSING,3169,0,46,3288,0.0,0.0,0.0,0.0,0.0
0,0,2028,ELECTRIC_HEAT_PUMP,SOCIAL_HOUSING,2872,0,297,3288,0.0,0.0,0.0,0.0,0.0
0,0,2029,ELECTRIC_HEAT_PUMP,SOCIAL_HOUSING,2631,0,241,3288,0.0,0.0,0.0,0.0,0.0
0,0,2030,ELECTRIC_HEAT_PUMP,SOCIAL_HOUSING,2478,0,153,3288,0.0,0.0,0.0,0.0,0.0
0,0,2031,ELECTRIC_HEAT_PUMP,SOCIAL_HOUSING,2170,0,308,3288,0.0,0.0,0.0,0.0,0.0
0,0,2032,ELECTRIC_HEAT_PUMP,SOCIAL_HOUSING,1830,0,340,3288,0.0,0.0,0.0,0.0,0.0
0,0,2033,ELECTRIC_HEAT_PUMP,SOCIAL_HOUSING,1363,0,467,3288,0.0,0.0,0.0,0.0,0.0
0,0,2034,ELECTRIC_HEAT_PUMP,SOCIAL_HOUSING,976,0,387,3288,0.0,0.0,0.0,0.0,0.0
0,0,2035,ELECTRIC_HEAT_PUMP,SOCIAL_HOUSING,759,0,217,3288,0.0,0.0,0.0,0.0,0.0
0,0,2036,ELECTRIC_HEAT_PUMP,SOCIAL_HOUSING,641,0,118,3288,0.0,0.0,0.0,0.0,0.0
0,0,2037,ELECTRIC_HEAT_PUMP,SOCIAL_HOUSING,543,0,98,3288,0.0,0.0,0.0,0.0,0.0
0,0,2038,ELECTRIC_HEAT_PUMP,SOCIAL_HOUSING,501,0,42,3288,0.0,0.0,0.0,0.0,0.0
0,0,2039,ELECTRIC_HEAT_PUMP,SOCIAL_HOUSING,455,0,46,3288,0.0,0.0,0.0,0.0,0.0
0,0,2040,ELECTRIC_HEAT_PUMP,SOCIAL_HOUSING,438,0,17,3288,0.0,0.0,0.0,0.0,0.0
0,0,2041,ELECTRIC_HEAT_PUMP,SOCIAL_HOUSING,400,0,38,3288,0.0,0.0,0.0,0.0,0.0
0,0,2042,ELECTRIC_HEAT_PUMP,SOCIAL_HOUSING,379,0,21,3288,0.0,0.0,0.0,0.0,0.0
0,0,2043,ELECTRIC_HEAT_PUMP,SOCIAL_HOUSING,328,0,51,3288,0.0,0.0,0.0,0.0,0.0
0,0,2044,ELECTRIC_HEAT_PUMP,SOCIAL_HOUSING,315,0,13,3288,0.0,0.0,0.0,0.0,0.0
0,0,2045,ELECTRIC_HEAT_PUMP,SOCIAL_HOUSING,290,0,25,3288,0.0,0.0,0.0,0.0,0.0
0,0,2046,ELECTRIC_HEAT_PUMP,SOCIAL_HOUSING,184,0,106,3288,0.0,0.0,0.0,0.0,0.0
0,0,2047,ELECTRIC_HEAT_PUMP,SOCIAL_HOUSING,82,0,102,3288,0.0,0.0,0.0,0.0,0.0
0,0,2048,ELECTRIC_HEAT_PUMP,SOCIAL_HOUSING,69,0,13,3288,0.0,0.0,0.0,0.0,0.0
0,0,2049,ELECTRIC_HEAT_PUMP,SOCIAL_HOUSING,39,0,30,3288,0.0,0.0,0.0,0.0,0.0
0,0,2050,ELECTRIC_HEAT_PUMP,SOCIAL_HOUSING,39,0,0,3288,0.0,0.0,0.0,0.0,0.0
0,0,2024,ELECTRIC_HEAT_PUMP,PRIVATELY_RENTED,1676,1676,0,1676,0.0,0.0,0.0,0.0,0.0
0,0,2025,ELECTRIC_HEAT_PUMP,PRIVATELY_RENTED,1480,0,196,1676,0.0,0.0,0.0,0.0,0.0
0,0,2026,ELECTRIC_HEAT_PUMP,PRIVATELY_RENTED,1366,0,114,1676,0.0,0.0,0.0,0.0,0.0
0,0,2027,ELECTRIC_HEAT_PUMP,PRIVATELY_RENTED,1293,0,73,1676,0.0,0.0,0.0,0.0,0.0
0,0,2028,ELECTRIC_HEAT_PUMP,PRIVATELY_RENTED,945,0,348,1676,0.0,0.0,0.0,0.0,0.0
0,0,2029,ELECTRIC_HEAT_PUMP,PRIVATELY_RENTED,852,0,93,1676,0.0,0.0,0.0,0.0,0.0
0,0,2030,ELECTRIC_HEAT_PUMP,PRIVATELY_RENTED,796,0,56,1676,0.0,0.0,0.0,0.0,0.0
0,0,2031,ELECTRIC_HEAT_PUMP,PRIVATELY_RENTED,717,0,79,1676,0.0,0.0,0.0,0.0,0.0
0,0,2032,ELECTRIC_HEAT_PUMP,PRIVATELY_RENTED,628,0,89,1676,0.0,0.0,0.0,0.0,0.0
0,0,2033,ELECTRIC_HEAT_PUMP,PRIVATELY_RENTED,541,0,87,1676,0.0,0.0,0.0,0.0,0.0
0,0,2034,ELECTRIC_HEAT_PUMP,PRIVATELY_RENTED,456,0,85,1676,0.0,0.0,0.0,0.0,0.0
0,0,2035,ELECTRIC_HEAT_PUMP,PRIVATELY_RENTED,350,0,106,1676,0.0,0.0,0.0,0.0,0.0
0,0,2036,ELECTRIC_HEAT_PUMP,PRIVATELY_RENTED,232,0,118,1676,0.0,0.0,0.0,0.0,0.0
0,0,2037,ELECTRIC_HEAT_PUMP,PRIVATELY_RENTED,146,0,86,1676,0.0,0.0,0.0,0.0,0.0
0,0,2038,ELECTRIC_HEAT_PUMP,PRIVATELY_RENTED,72,0,74,1676,0.0,0.0,0.0,0.0,0.0
0,0,2039,ELECTRIC_HEAT_PUMP,PRIVATELY_RENTED,0,0,72,1676,0.0,0.0,0.0,0.0,0.0
0,0,2040,ELECTRIC_HEAT_PUMP,PRIVATELY_RENTED,0,0,0,1676,0.0,0.0,0.0,0.0,0.0
0,0,2041,ELECTRIC_HEAT_PUMP,PRIVATELY_RENTED,0,0,0,1676,0.0,0.0,0.0,0.0,0.0
0,0,2042,ELECTRIC_HEAT_PUMP,PRIVATELY_RENTED,0,0,0,1676,0.0,0.0,0.0,0.0,0.0
0,0,2043,ELECTRIC_HEAT_PUMP,PRIVATELY_RENTED,0,0,0,1676,0.0,0.0,0.0,0.0,0.0
0,0,2044,ELECTRIC_HEAT_PUMP,PRIVATELY_RENTED,0,0,0,1676,0.0,0.0,0.0,0.0,0.0
0,0,2045,ELECTRIC_HEAT_PUMP,PRIVATELY_RENTED,0,0,0,1676,0.0,0.0,0.0,0.0,0.0
0,0,2046,ELECTRIC_HEAT_PUMP,PRIVATELY_RENTED,0,0,0,1676,0.0,0.0,0.0,0.0,0.0
0,0,2047,ELECTRIC_HEAT_PUMP,PRIVATELY_RENTED,0,0,0,1676,0.0,0.0,0.0,0.0,0.0
0,0,2048,ELECTRIC_HEAT_PUMP,PRIVATELY_RENTED,0,0,0,1676,0.0,0.0,0.0,0.0,0.0
0,0,2049,ELECTRIC_HEAT_PUMP,PRIVATELY_RENTED,0,0,0,1676,0.0,0.0,0.0,0.0,0.0
0,0,2050,ELECTRIC_HEAT_PUMP,PRIVATELY_RENTED,0,0,0,1676,0.0,0.0,0.0,0.0,0.0
0,0,2024,HYBRID_HEAT_PUMP,Total,1926,1926,0,1926,0.0,0.0,0.0,0.0,0.0
0,0,2025,HYBRID_HEAT_PUMP,Total,2080,318,164,2244,0.0,0.0,0.0,4416.0,0.0
0,0,2026,HYBRID_HEAT_PUMP,Total,2259,297,118,2541,0.0,0.0,0.0,2467.0,0.0
0,0,2027,HYBRID_HEAT_PUMP,Total,2499,320,80,2861,0.0,0.0,0.0,2647.0,0.0
0,0,2028,HYBRID_HEAT_PUMP,Total,3145,750,104,3611,0.0,0.0,0.0,2104.0,0.0
0,0,2029,HYBRID_HEAT_PUMP,Total,4032,986,99,4597,0.0,0.0,0.0,3725.0,0.0
0,0,2030,HYBRID_HEAT_PUMP,Total,4786,873,119,5470,0.0,0.0,0.0,2472.0,0.0
0,0,2031,HYBRID_HEAT_PUMP,Total,6259,1602,129,7072,0.0,0.0,0.0,2413.0,0.0
0,0,2032,HYBRID_HEAT_PUMP,Total,8637,2526,148,9598,0.0,0.0,0.0,2402.0,0.0
0,0,2033,HYBRID_HEAT_PUMP,Total,13220,4767,184,14365,0.0,0.0,0.0,2413.0,0.0
0,0,2034,HYBRID_HEAT_PUMP,Total,17238,4203,185,18568,0.0,0.0,0.0,2417.0,0.0
0,0,2035,HYBRID_HEAT_PUMP,Total,19460,2347,125,20915,0.0,0.0,0.0,2413.0,0.0
0,0,2036,HYBRID_HEAT_PUMP,Total,20817,1472,115,22387,0.0,0.0,0.0,2517.0,0.0
0,0,2037,HYBRID_HEAT_PUMP,Total,22935,2270,152,24657,0.0,0.0,0.0,2560.0,0.0
0,0,2038,HYBRID_HEAT_PUMP,Total,24151,1316,100,25973,0.0,0.0,0.0,2617.0,0.0
0,0,2039,HYBRID_HEAT_PUMP,Total,25375,1317,93,27290,0.0,0.0,0.0,2564.0,0.0
0,0,2040,HYBRID_HEAT_PUMP,Total,26611,1557,321,28847,0.0,0.0,0.0,2394.0,0.0
0,0,2041,HYBRID_HEAT_PUMP,Total,27768,1454,297,30301,0.0,0.0,0.0,2425.0,0.0
0,0,2042,HYBRID_HEAT_PUMP,Total,29205,1758,321,32059,0.0,0.0,0.0,2304.0,0.0
0,0,2043,HYBRID_HEAT_PUMP,Total,31307,2855,753,34914,0.0,0.0,0.0,2165.0,0.0
0,0,2044,HYBRID_HEAT_PUMP,Total,33595,3274,986,38188,0.0,0.0,0.0,2224.0,0.0
0,0,2045,HYBRID_HEAT_PUMP,Total,35853,3133,875,41321,0.0,0.0,0.0,2300.0,0.0
0,0,2046,HYBRID_HEAT_PUMP,Total,39162,4912,1603,46233,0.0,0.0,0.0,2278.0,0.0
0,0,2047,HYBRID_HEAT_PUMP,Total,43713,7078,2527,53311,0.0,0.0,0.0,2237.0,0.0
0,0,2048,HYBRID_HEAT_PUMP,Total,50468,11522,4767,64833,0.0,0.0,0.0,2237.0,0.0
0,0,2049,HYBRID_HEAT_PUMP,Total,56068,9803,4203,74636,0.0,0.0,0.0,2270.0,0.0
0,0,2050,HYBRID_HEAT_PUMP,Total,59086,5365,2347,80001,0.0,0.0,0.0,2276.0,0.0
0,0,2024,HYBRID_HEAT_PUMP,PRIVATELY_OWNED,1249,1249,0,1249,0.0,0.0,0.0,0.0,0.0
0,0,2025,HYBRID_HEAT_PUMP,PRIVATELY_OWNED,1118,1,132,1250,0.0,0.5185011577022582,0.10526315789473684,1407.0,0.7514359470797032
0,0,2026,HYBRID_HEAT_PUMP,PRIVATELY_OWNED,1022,0,96,1250,0.0,0.0,0.0,0.0,0.0
0,0,2027,HYBRID_HEAT_PUMP,PRIVATELY_OWNED,957,0,65,1250,0.0,0.0,0.0,0.0,0.0
0,0,2028,HYBRID_HEAT_PUMP,PRIVATELY_OWNED,891,0,66,1250,0.0,0.0,0.0,0.0,0.0
0,0,2029,HYBRID_HEAT_PUMP,PRIVATELY_OWNED,817,1,75,1251,0.0,0.5200931590551655,0.09090909090909091,1226.0,0.7574124658554755
0,0,2030,HYBRID_HEAT_PUMP,PRIVATELY_OWNED,732,0,85,1251,0.0,0.0,0.0,0.0,0.0
0,0,2031,HYBRID_HEAT_PUMP,PRIVATELY_OWNED,654,0,78,1251,0.0,0.0,0.0,0.0,0.0
0,0,2032,HYBRID_HEAT_PUMP,PRIVATELY_OWNED,582,0,72,1251,0.0,0.0,0.0,0.0,0.0
0,0,2033,HYBRID_HEAT_PUMP,PRIVATELY_OWNED,509,0,73,1251,0.0,0.0,0.0,0.0,0.0
0,0,2034,HYBRID_HEAT_PUMP,PRIVATELY_OWNED,432,0,77,1251,0.0,0.0,0.0,0.0,0.0
0,0,2035,HYBRID_HEAT_PUMP,PRIVATELY_OWNED,355,0,77,1251,0.0,0.0,0.0,0.0,0.0
0,0,2036,HYBRID_HEAT_PUMP,PRIVATELY_OWNED,272,0,83,1251,0.0,0.0,0.0,0.0,0.0
0,0,2037,HYBRID_HEAT_PUMP,PRIVATELY_OWNED,160,0,112,1251,0.0,0.0,0.0,0.0,0.0
0,0,2038,HYBRID_HEAT_PUMP,PRIVATELY_OWNED,77,0,83,1251,0.0,0.0,0.0,0.0,0.0
0,0,2039,HYBRID_HEAT_PUMP,PRIVATELY_OWNED,2,0,75,1251,0.0,0.0,0.0,0.0,0.0
0,0,2040,HYBRID_HEAT_PUMP,PRIVATELY_OWNED,1,0,1,1251,0.0,0.0,0.0,0.0,0.0
0,0,2041,HYBRID_HEAT_PUMP,PRIVATELY_OWNED,1,0,0,1251,0.0,0.0,0.0,0.0,0.0
0,0,2042,HYBRID_HEAT_PUMP,PRIVATELY_OWNED,1,0,0,1251,0.0,0.0,0.0,0.0,0.0
0,0,2043,HYBRID_HEAT_PUMP,PRIVATELY_OWNED,1,0,0,1251,0.0,0.0,0.0,0.0,0.0
0,0,2044,HYBRID_HEAT_PUMP,PRIVATELY_OWNED,0,0,1,1251,0.0,0.0,0.0,0.0,0.0
0,0,2045,HYBRID_HEAT_PUMP,PRIVATELY_OWNED,0,0,0,1251,0.0,0.0,0.0,0.0,0.0
0,0,2046,HYBRID_HEAT_PUMP,PRIVATELY_OWNED,0,0,0,1251,0.0,0.0,0.0,0.0,0.0
0,0,2047,HYBRID_HEAT_PUMP,PRIVATELY_OWNED,0,0,0,1251,0.0,0.0,0.0,0.0,0.0
0,0,2048,HYBRID_HEAT_PUMP,PRIVATELY_OWNED,0,0,0,1251,0.0,0.0,0.0,0.0,0.0
0,0,2049,HYBRID_HEAT_PUMP,PRIVATELY_OWNED,0,0,0,1251,0.0,0.0,0.0,0.0,0.0
0,0,2050,HYBRID_HEAT_PUMP,PRIVATELY_OWNED,0,0,0,1251,0.0,0.0,0.0,0.0,0.0
0,0,2024,HYBRID_HEAT_PUMP,SOCIAL_HOUSING,411,411,0,411,0.0,0.0,0.0,0.0,0.0
0,0,2025,HYBRID_HEAT_PUMP,SOCIAL_HOUSING,418,8,1,419,0.0,0.0,0.0,1528.25,0.0
0,0,2026,HYBRID_HEAT_PUMP,SOCIAL_HOUSING,480,64,2,483,0.0,0.0,0.0,1002.0625,0.0
0,0,2027,HYBRID_HEAT_PUMP,SOCIAL_HOUSING,544,64,0,547,0.0,0.0,0.0,1188.046875,0.0
0,0,2028,HYBRID_HEAT_PUMP,SOCIAL_HOUSING,666,135,13,682,0.0,0.0,0.0,998.2148148148148,0.0
0,0,2029,HYBRID_HEAT_PUMP,SOCIAL_HOUSING,1213,562,15,1244,0.0,0.0,0.0,1105.202846975089,0.0
0,0,2030,HYBRID_HEAT_PUMP,SOCIAL_HOUSING,1587,394,20,1638,0.0,0.0,0.0,1064.6040609137056,0.0
0,0,2031,HYBRID_HEAT_PUMP,SOCIAL_HOUSING,2589,1036,34,2674,0.0,0.0,0.0,1083.607142857143,0.0
0,0,2032,HYBRID_HEAT_PUMP,SOCIAL_HOUSING,4310,1778,57,4452,0.0,0.0,0.0,1117.6664791901012,0.0
0,0,2033,HYBRID_HEAT_PUMP,SOCIAL_HOUSING,8248,4033,95,8485,0.0,0.0,0.0,1062.802132407637,0.0
0,0,2034,HYBRID_HEAT_PUMP,SOCIAL_HOUSING,11532,3372,88,11857,0.0,0.0,0.0,1086.5581257413999,0.0
0,0,2035,HYBRID_HEAT_PUMP,SOCIAL_HOUSING,12958,1456,30,13313,0.0,0.0,0.0,1103.184065934066,0.0
0,0,2036,HYBRID_HEAT_PUMP,SOCIAL_HOUSING,13405,463,16,13776,0.0,0.0,0.0,1235.8056155507559,0.0
0,0,2037,HYBRID_HEAT_PUMP,SOCIAL_HOUSING,13681,298,22,14074,0.0,0.0,0.0,1335.0872483221476,0.0
0,0,2038,HYBRID_HEAT_PUMP,SOCIAL_HOUSING,13832,153,2,14227,0.0,0.0,0.0,1380.9607843137255,0.0
0,0,2039,HYBRID_HEAT_PUMP,SOCIAL_HOUSING,13974,147,5,14374,0.0,0.0,0.0,1357.299319727891,0.0
0,0,2040,HYBRID_HEAT_PUMP,SOCIAL_HOUSING,14191,228,11,14602,0.0,0.0,0.0,1132.25,0.0
0,0,2041,HYBRID_HEAT_PUMP,SOCIAL_HOUSING,14397,270,64,14872,0.0,0.0,0.0,1175.0962962962963,0.0
0,0,2042,HYBRID_HEAT_PUMP,SOCIAL_HOUSING,14893,561,65,15433,0.0,0.0,0.0,1038.7789661319073,0.0
0,0,2043,HYBRID_HEAT_PUMP,SOCIAL_HOUSING,16108,1353,138,16786,0.0,0.0,0.0,1037.8033998521803,0.0
0,0,2044,HYBRID_HEAT_PUMP,SOCIAL_HOUSING,17463,1917,562,18703,0.0,0.0,0.0,999.565988523735,0.0
0,0,2045,HYBRID_HEAT_PUMP,SOCIAL_HOUSING,18875,1808,396,20511,0.0,0.0,0.0,1061.8324115044247,0.0
0,0,2046,HYBRID_HEAT_PUMP,SOCIAL_HOUSING,21424,3586,1037,24097,0.0,0.0,0.0,1073.525934188511,0.0
0,0,2047,HYBRID_HEAT_PUMP,SOCIAL_HOUSING,25199,5554,1779,29651,0.0,0.0,0.0,1038.8406553835073,0.0
0,0,2048,HYBRID_HEAT_PUMP,SOCIAL_HOUSING,31239,10073,4033,39724,0.0,0.0,0.0,1017.8219994043483,0.0
0,0,2049,HYBRID_HEAT_PUMP,SOCIAL_HOUSING,35681,7814,3372,47538,0.0,0.0,0.0,1055.3622984386998,0.0
0,0,2050,HYBRID_HEAT_PUMP,SOCIAL_HOUSING,37935,3710,1456,51248,0.0,0.0,0.0,1062.7374663072776,0.0
0,0,2024,HYBRID_HEAT_PUMP,PRIVATELY_RENTED,266,266,0,266,0.0,0.0,0.0,0.0,0.0
0,0,2025,HYBRID_HEAT_PUMP,PRIVATELY_RENTED,544,309,31,575,0.0,0.0,0.0,1481.5857605177994,0.0
0,0,2026,HYBRID_HEAT_PUMP,PRIVATELY_RENTED,757,233,20,808,0.0,0.0,0.0,1465.8969957081545,0.0
0,0,2027,HYBRID_HEAT_PUMP,PRIVATELY_RENTED,998,256,15,1064,0.0,0.0,0.0,1459.80859375,0.0
0,0,2028,HYBRID_HEAT_PUMP,PRIVATELY_RENTED,1588,615,25,1679,0.0,0.0,0.0,1106.658536585366,0.0
0,0,2029,HYBRID_HEAT_PUMP,PRIVATELY_RENTED,2002,423,9,2102,0.0,0.0,0.0,1394.7565011820332,0.0
0,0,2030,HYBRID_HEAT_PUMP,PRIVATELY_RENTED,2467,479,14,2581,0.0,0.0,0.0,1408.0417536534446,0.0
0,0,2031,HYBRID_HEAT_PUMP,PRIVATELY_RENTED,3016,566,17,3147,0.0,0.0,0.0,1330.0724381625441,0.0
0,0,2032,HYBRID_HEAT_PUMP,PRIVATELY_RENTED,3745,748,19,3895,0.0,0.0,0.0,1285.3983957219252,0.0
0,0,2033,HYBRID_HEAT_PUMP,PRIVATELY_RENTED,4463,734,16,4629,0.0,0.0,0.0,1351.3623978201636,0.0
0,0,2034,HYBRID_HEAT_PUMP,PRIVATELY_RENTED,5274,831,20,5460,0.0,0.0,0.0,1331.1287605294826,0.0
0,0,2035,HYBRID_HEAT_PUMP,PRIVATELY_RENTED,6147,891,18,6351,0.0,0.0,0.0,1310.7946127946127,0.0
0,0,2036,HYBRID_HEAT_PUMP,PRIVATELY_RENTED,7140,1009,16,7360,0.0,0.0,0.0,1282.8077304261644,0.0
0,0,2037,HYBRID_HEAT_PUMP,PRIVATELY_RENTED,9094,1972,18,9332,0.0,0.0,0.0,1225.566430020284,0.0
0,0,2038,HYBRID_HEAT_PUMP,PRIVATELY_RENTED,10242,1163,15,10495,0.0,0.0,0.0,1237.6165090283748,0.0
0,0,2039,HYBRID_HEAT_PUMP,PRIVATELY_RENTED,11399,1170,13,11665,0.0,0.0,0.0,1207.697435897436,0.0
0,0,2040,HYBRID_HEAT_PUMP,PRIVATELY_RENTED,12419,1329,309,12994,0.0,0.0,0.0,1262.0812641083521,0.0
0,0,2041,HYBRID_HEAT_PUMP,PRIVATELY_RENTED,13370,1184,233,14178,0.0,0.0,0.0,1250.9738175675675,0.0
0,0,2042,HYBRID_HEAT_PUMP,PRIVATELY_RENTED,14311,1197,256,15375,0.0,0.0,0.0,1266.0651629072681,0.0
0,0,2043,HYBRID_HEAT_PUMP,PRIVATELY_RENTED,15198,1502,615,16877,0.0,0.0,0.0,1128.7177097203728,0.0
0,0,2044,HYBRID_HEAT_PUMP,PRIVATELY_RENTED,16132,1357,423,18234,0.0,0.0,0.0,1225.0965364775238,0.0
0,0,2045,HYBRID_HEAT_PUMP,PRIVATELY_RENTED,16978,1325,479,19559,0.0,0.0,0.0,1239.788679245283,0.0
0,0,2046,HYBRID_HEAT_PUMP,PRIVATELY_RENTED,17738,1326,566,20885,0.0,0.0,0.0,1205.9864253393664,0.0
0,0,2047,HYBRID_HEAT_PUMP,PRIVATELY_RENTED,18514,1524,748,22409,0.0,0.0,0.0,1199.226377952756,0.0
0,0,2048,HYBRID_HEAT_PUMP,PRIVATELY_RENTED,19229,1449,734,23858,0.0,0.0,0.0,1220.2981366459628,0.0
0,0,2049,HYBRID_HEAT_PUMP,PRIVATELY_RENTED,20387,1989,831,25847,0.0,0.0,0.0,1215.0110608345904,0.0
0,0,2050,HYBRID_HEAT_PUMP,PRIVATELY_RENTED,21151,1655,891,27502,0.0,0.0,0.0,1214.496072507553,0.0
