scenario,scenario_name,iteration,year,nbh_in_grid_congestion_perc,nbh_with_dh_perc,heating_system,ownership,installed_current,installed_annually,removed_annually,installed_cumulative,considered_annually,avg_att,avg_util,avg_sub_norm,avg_eac,avg_pbc,SLF,ELF,GRR,DHCT,DHES,SHAES,DHCO,GCHPB
1,baseline,1,2024,0,0,NATURAL_GAS_BOILER,PRIVATELY_OWNED,310587,0,0,473492,0,0,0,0,0,0,MEDIUM,MEDIUM,MEDIUM,5,COST_BASED,COST_BASED,false,false
1,baseline,1,2024,0,0,NATURAL_GAS_BOILER,PRIVATELY_RENTED,63993,0,0,473492,0,0,0,0,0,0,MEDIUM,MEDIUM,MEDIUM,5,COST_BASED,COST_BASED,false,false
1,baseline,1,2024,0,0,NATURAL_GAS_BOILER,SOCIAL_HOUSING,98912,0,0,473492,0,0,0,0,0,0,MEDIUM,MEDIUM,MEDIUM,5,COST_BASED,COST_BASED,false,false
1,baseline,1,2024,0,0,NATURAL_GAS_BOILER,HOME_OWNER_ASSOCIATION,0,0,0,473492,0,0,0,0,0,0,MEDIUM,MEDIUM,MEDIUM,5,COST_BASED,COST_BASED,false,false
1,baseline,1,2024,0,0,NATURAL_GAS_BOILER,TOTAL,473492,0,0,473492,0,0,0,0,0,0,MEDIUM,MEDIUM,MEDIUM,5,COST_BASED,COST_BASED,false,false
1,baseline,1,2024,0,0,NATURAL_GAS_BLOCK,PRIVATELY_OWNED,0,0,0,29886,0,0,0,0,0,0,MEDIUM,MEDIUM,MEDIUM,5,COST_BASED,COST_BASED,false,false
1,baseline,1,2024,0,0,NATURAL_GAS_BLOCK,PRIVATELY_RENTED,0,0,0,29886,0,0,0,0,0,0,MEDIUM,MEDIUM,MEDIUM,5,COST_BASED,COST_BASED,false,false
1,baseline,1,2024,0,0,NATURAL_GAS_BLOCK,SOCIAL_HOUSING,4329,0,0,29886,0,0,0,0,0,0,MEDIUM,MEDIUM,MEDIUM,5,COST_BASED,COST_BASED,false,false
1,baseline,1,2024,0,0,NATURAL_GAS_BLOCK,HOME_OWNER_ASSOCIATION,25557,0,0,29886,0,0,0,0,0,0,MEDIUM,MEDIUM,MEDIUM,5,COST_BASED,COST_BASED,false,false
1,baseline,1,2024,0,0,NATURAL_GAS_BLOCK,TOTAL,29886,0,0,29886,0,0,0,0,0,0,MEDIUM,MEDIUM,MEDIUM,5,COST_BASED,COST_BASED,false,false
1,baseline,1,2024,0,0,HYBRID_HEAT_PUMP,PRIVATELY_OWNED,9613,0,0,11396,0,0,0,0,0,0,MEDIUM,MEDIUM,MEDIUM,5,COST_BASED,COST_BASED,false,false
1,baseline,1,2024,0,0,HYBRID_HEAT_PUMP,PRIVATELY_RENTED,1712,0,0,11396,0,0,0,0,0,0,MEDIUM,MEDIUM,MEDIUM,5,COST_BASED,COST_BASED,false,false
1,baseline,1,2024,0,0,HYBRID_HEAT_PUMP,SOCIAL_HOUSING,71,0,0,11396,0,0,0,0,0,0,MEDIUM,MEDIUM,MEDIUM,5,COST_BASED,COST_BASED,false,false
1,baseline,1,2024,0,0,HYBRID_HEAT_PUMP,HOME_OWNER_ASSOCIATION,0,0,0,11396,0,0,0,0,0,0,MEDIUM,MEDIUM,MEDIUM,5,COST_BASED,COST_BASED,false,false
1,baseline,1,2024,0,0,HYBRID_HEAT_PUMP,TOTAL,11396,0,0,11396,0,0,0,0,0,0,MEDIUM,MEDIUM,MEDIUM,5,COST_BASED,COST_BASED,false,false
1,baseline,1,2024,0,0,ELECTRIC_HEAT_PUMP,PRIVATELY_OWNED,18520,0,0,22705,0,0,0,0,0,0,MEDIUM,MEDIUM,MEDIUM,5,COST_BASED,COST_BASED,false,false
1,baseline,1,2024,0,0,ELECTRIC_HEAT_PUMP,PRIVATELY_RENTED,3963,0,0,22705,0,0,0,0,0,0,MEDIUM,MEDIUM,MEDIUM,5,COST_BASED,COST_BASED,false,false
1,baseline,1,2024,0,0,ELECTRIC_HEAT_PUMP,SOCIAL_HOUSING,222,0,0,22705,0,0,0,0,0,0,MEDIUM,MEDIUM,MEDIUM,5,COST_BASED,COST_BASED,false,false
1,baseline,1,2024,0,0,ELECTRIC_HEAT_PUMP,HOME_OWNER_ASSOCIATION,0,0,0,22705,0,0,0,0,0,0,MEDIUM,MEDIUM,MEDIUM,5,COST_BASED,COST_BASED,false,false
1,baseline,1,2024,0,0,ELECTRIC_HEAT_PUMP,TOTAL,22705,0,0,22705,0,0,0,0,0,0,MEDIUM,MEDIUM,MEDIUM,5,COST_BASED,COST_BASED,false,false
1,baseline,1,2024,0,0,DISTRICT_HEATING,PRIVATELY_OWNED,3720,0,0,8278,0,0,0,0,0,0,MEDIUM,MEDIUM,MEDIUM,5,COST_BASED,COST_BASED,false,false
1,baseline,1,2024,0,0,DISTRICT_HEATING,PRIVATELY_RENTED,2796,0,0,8278,0,0,0,0,0,0,MEDIUM,MEDIUM,MEDIUM,5,COST_BASED,COST_BASED,false,false
1,baseline,1,2024,0,0,DISTRICT_HEATING,SOCIAL_HOUSING,1762,0,0,8278,0,0,0,0,0,0,MEDIUM,MEDIUM,MEDIUM,5,COST_BASED,COST_BASED,false,false
1,baseline,1,2024,0,0,DISTRICT_HEATING,HOME_OWNER_ASSOCIATION,0,0,0,8278,0,0,0,0,0,0,MEDIUM,MEDIUM,MEDIUM,5,COST_BASED,COST_BASED,false,false
1,baseline,1,2024,0,0,DISTRICT_HEATING,TOTAL,8278,0,0,8278,0,0,0,0,0,0,MEDIUM,MEDIUM,MEDIUM,5,COST_BASED,COST_BASED,false,false
1,baseline,1,2025,0,0,NATURAL_GAS_BOILER,PRIVATELY_OWNED,300381,0,0,506216,96399,0,0,0,0,0,MEDIUM,MEDIUM,MEDIUM,5,COST_BASED,COST_BASED,false,false
1,baseline,1,2025,0,0,NATURAL_GAS_BOILER,PRIVATELY_RENTED,63113,0,0,506216,96399,0,0,0,0,0,MEDIUM,MEDIUM,MEDIUM,5,COST_BASED,COST_BASED,false,false
1,baseline,1,2025,0,0,NATURAL_GAS_BOILER,SOCIAL_HOUSING,99089,0,0,506216,96399,0,0,0,0,0,MEDIUM,MEDIUM,MEDIUM,5,COST_BASED,COST_BASED,false,false
1,baseline,1,2025,0,0,NATURAL_GAS_BOILER,HOME_OWNER_ASSOCIATION,1540,0,0,506216,96399,0,0,0,0,0,MEDIUM,MEDIUM,MEDIUM,5,COST_BASED,COST_BASED,false,false
1,baseline,1,2025,0,0,NATURAL_GAS_BOILER,TOTAL,464123,32724,42093,506216,96399,0,0,0,0,0,MEDIUM,MEDIUM,MEDIUM,5,COST_BASED,COST_BASED,false,false
1,baseline,1,2025,0,0,NATURAL_GAS_BLOCK,PRIVATELY_OWNED,4,0,0,30147,96399,0,0,0,0,0,MEDIUM,MEDIUM,MEDIUM,5,COST_BASED,COST_BASED,false,false
1,baseline,1,2025,0,0,NATURAL_GAS_BLOCK,PRIVATELY_RENTED,257,0,0,30147,96399,0,0,0,0,0,MEDIUM,MEDIUM,MEDIUM,5,COST_BASED,COST_BASED,false,false
1,baseline,1,2025,0,0,NATURAL_GAS_BLOCK,SOCIAL_HOUSING,4320,0,0,30147,96399,0,0,0,0,0,MEDIUM,MEDIUM,MEDIUM,5,COST_BASED,COST_BASED,false,false
1,baseline,1,2025,0,0,NATURAL_GAS_BLOCK,HOME_OWNER_ASSOCIATION,24015,0,0,30147,96399,0,0,0,0,0,MEDIUM,MEDIUM,MEDIUM,5,COST_BASED,COST_BASED,false,false
1,baseline,1,2025,0,0,NATURAL_GAS_BLOCK,TOTAL,28596,261,1551,30147,96399,0,0,0,0,0,MEDIUM,MEDIUM,MEDIUM,5,COST_BASED,COST_BASED,false,false
1,baseline,1,2025,0,0,HYBRID_HEAT_PUMP,PRIVATELY_OWNED,14224,0,0,18099,96399,0,0,0,0,0,MEDIUM,MEDIUM,MEDIUM,5,COST_BASED,COST_BASED,false,false
1,baseline,1,2025,0,0,HYBRID_HEAT_PUMP,PRIVATELY_RENTED,2683,0,0,18099,96399,0,0,0,0,0,MEDIUM,MEDIUM,MEDIUM,5,COST_BASED,COST_BASED,false,false
1,baseline,1,2025,0,0,HYBRID_HEAT_PUMP,SOCIAL_HOUSING,183,0,0,18099,96399,0,0,0,0,0,MEDIUM,MEDIUM,MEDIUM,5,COST_BASED,COST_BASED,false,false
1,baseline,1,2025,0,0,HYBRID_HEAT_PUMP,HOME_OWNER_ASSOCIATION,2,0,0,18099,96399,0,0,0,0,0,MEDIUM,MEDIUM,MEDIUM,5,COST_BASED,COST_BASED,false,false
1,baseline,1,2025,0,0,HYBRID_HEAT_PUMP,TOTAL,17092,6703,1007,18099,96399,0,0,0,0,0,MEDIUM,MEDIUM,MEDIUM,5,COST_BASED,COST_BASED,false,false
1,baseline,1,2025,0,0,ELECTRIC_HEAT_PUMP,PRIVATELY_OWNED,24054,0,0,30537,96399,0,0,0,0,0,MEDIUM,MEDIUM,MEDIUM,5,COST_BASED,COST_BASED,false,false
1,baseline,1,2025,0,0,ELECTRIC_HEAT_PUMP,PRIVATELY_RENTED,3681,0,0,30537,96399,0,0,0,0,0,MEDIUM,MEDIUM,MEDIUM,5,COST_BASED,COST_BASED,false,false
1,baseline,1,2025,0,0,ELECTRIC_HEAT_PUMP,SOCIAL_HOUSING,198,0,0,30537,96399,0,0,0,0,0,MEDIUM,MEDIUM,MEDIUM,5,COST_BASED,COST_BASED,false,false
1,baseline,1,2025,0,0,ELECTRIC_HEAT_PUMP,HOME_OWNER_ASSOCIATION,0,0,0,30537,96399,0,0,0,0,0,MEDIUM,MEDIUM,MEDIUM,5,COST_BASED,COST_BASED,false,false
1,baseline,1,2025,0,0,ELECTRIC_HEAT_PUMP,TOTAL,27933,7832,2604,30537,96399,0,0,0,0,0,MEDIUM,MEDIUM,MEDIUM,5,COST_BASED,COST_BASED,false,false
1,baseline,1,2025,0,0,DISTRICT_HEATING,PRIVATELY_OWNED,3777,0,0,8628,96399,0,0,0,0,0,MEDIUM,MEDIUM,MEDIUM,5,COST_BASED,COST_BASED,false,false
1,baseline,1,2025,0,0,DISTRICT_HEATING,PRIVATELY_RENTED,2730,0,0,8628,96399,0,0,0,0,0,MEDIUM,MEDIUM,MEDIUM,5,COST_BASED,COST_BASED,false,false
1,baseline,1,2025,0,0,DISTRICT_HEATING,SOCIAL_HOUSING,1506,0,0,8628,96399,0,0,0,0,0,MEDIUM,MEDIUM,MEDIUM,5,COST_BASED,COST_BASED,false,false
1,baseline,1,2025,0,0,DISTRICT_HEATING,HOME_OWNER_ASSOCIATION,0,0,0,8628,96399,0,0,0,0,0,MEDIUM,MEDIUM,MEDIUM,5,COST_BASED,COST_BASED,false,false
1,baseline,1,2025,0,0,DISTRICT_HEATING,TOTAL,8013,350,615,8628,96399,0,0,0,0,0,MEDIUM,MEDIUM,MEDIUM,5,COST_BASED,COST_BASED,false,false
1,baseline,1,2026,0,0,NATURAL_GAS_BOILER,PRIVATELY_OWNED,288125,0,0,539512,93431,0,0,0,0,0,MEDIUM,MEDIUM,MEDIUM,5,COST_BASED,COST_BASED,false,false
1,baseline,1,2026,0,0,NATURAL_GAS_BOILER,PRIVATELY_RENTED,61915,0,0,539512,93431,0,0,0,0,0,MEDIUM,MEDIUM,MEDIUM,5,COST_BASED,COST_BASED,false,false
1,baseline,1,2026,0,0,NATURAL_GAS_BOILER,SOCIAL_HOUSING,98432,0,0,539512,93431,0,0,0,0,0,MEDIUM,MEDIUM,MEDIUM,5,COST_BASED,COST_BASED,false,false
1,baseline,1,2026,0,0,NATURAL_GAS_BOILER,HOME_OWNER_ASSOCIATION,2928,0,0,539512,93431,0,0,0,0,0,MEDIUM,MEDIUM,MEDIUM,5,COST_BASED,COST_BASED,false,false
1,baseline,1,2026,0,0,NATURAL_GAS_BOILER,TOTAL,451400,33296,46019,539512,93431,0,0,0,0,0,MEDIUM,MEDIUM,MEDIUM,5,COST_BASED,COST_BASED,false,false
1,baseline,1,2026,0,0,NATURAL_GAS_BLOCK,PRIVATELY_OWNED,8,0,0,30417,93431,0,0,0,0,0,MEDIUM,MEDIUM,MEDIUM,5,COST_BASED,COST_BASED,false,false
1,baseline,1,2026,0,0,NATURAL_GAS_BLOCK,PRIVATELY_RENTED,523,0,0,30417,93431,0,0,0,0,0,MEDIUM,MEDIUM,MEDIUM,5,COST_BASED,COST_BASED,false,false
1,baseline,1,2026,0,0,NATURAL_GAS_BLOCK,SOCIAL_HOUSING,4138,0,0,30417,93431,0,0,0,0,0,MEDIUM,MEDIUM,MEDIUM,5,COST_BASED,COST_BASED,false,false
1,baseline,1,2026,0,0,NATURAL_GAS_BLOCK,HOME_OWNER_ASSOCIATION,22627,0,0,30417,93431,0,0,0,0,0,MEDIUM,MEDIUM,MEDIUM,5,COST_BASED,COST_BASED,false,false
1,baseline,1,2026,0,0,NATURAL_GAS_BLOCK,TOTAL,27296,270,1570,30417,93431,0,0,0,0,0,MEDIUM,MEDIUM,MEDIUM,5,COST_BASED,COST_BASED,false,false
1,baseline,1,2026,0,0,HYBRID_HEAT_PUMP,PRIVATELY_OWNED,19003,0,0,25906,93431,0,0,0,0,0,MEDIUM,MEDIUM,MEDIUM,5,COST_BASED,COST_BASED,false,false
1,baseline,1,2026,0,0,HYBRID_HEAT_PUMP,PRIVATELY_RENTED,3970,0,0,25906,93431,0,0,0,0,0,MEDIUM,MEDIUM,MEDIUM,5,COST_BASED,COST_BASED,false,false
1,baseline,1,2026,0,0,HYBRID_HEAT_PUMP,SOCIAL_HOUSING,1044,0,0,25906,93431,0,0,0,0,0,MEDIUM,MEDIUM,MEDIUM,5,COST_BASED,COST_BASED,false,false
1,baseline,1,2026,0,0,HYBRID_HEAT_PUMP,HOME_OWNER_ASSOCIATION,2,0,0,25906,93431,0,0,0,0,0,MEDIUM,MEDIUM,MEDIUM,5,COST_BASED,COST_BASED,false,false
1,baseline,1,2026,0,0,HYBRID_HEAT_PUMP,TOTAL,24019,7807,880,25906,93431,0,0,0,0,0,MEDIUM,MEDIUM,MEDIUM,5,COST_BASED,COST_BASED,false,false
1,baseline,1,2026,0,0,ELECTRIC_HEAT_PUMP,PRIVATELY_OWNED,31480,0,0,39407,93431,0,0,0,0,0,MEDIUM,MEDIUM,MEDIUM,5,COST_BASED,COST_BASED,false,false
1,baseline,1,2026,0,0,ELECTRIC_HEAT_PUMP,PRIVATELY_RENTED,3413,0,0,39407,93431,0,0,0,0,0,MEDIUM,MEDIUM,MEDIUM,5,COST_BASED,COST_BASED,false,false
1,baseline,1,2026,0,0,ELECTRIC_HEAT_PUMP,SOCIAL_HOUSING,176,0,0,39407,93431,0,0,0,0,0,MEDIUM,MEDIUM,MEDIUM,5,COST_BASED,COST_BASED,false,false
1,baseline,1,2026,0,0,ELECTRIC_HEAT_PUMP,HOME_OWNER_ASSOCIATION,0,0,0,39407,93431,0,0,0,0,0,MEDIUM,MEDIUM,MEDIUM,5,COST_BASED,COST_BASED,false,false
1,baseline,1,2026,0,0,ELECTRIC_HEAT_PUMP,TOTAL,35069,8870,1734,39407,93431,0,0,0,0,0,MEDIUM,MEDIUM,MEDIUM,5,COST_BASED,COST_BASED,false,false
1,baseline,1,2026,0,0,DISTRICT_HEATING,PRIVATELY_OWNED,3824,0,0,8908,93431,0,0,0,0,0,MEDIUM,MEDIUM,MEDIUM,5,COST_BASED,COST_BASED,false,false
1,baseline,1,2026,0,0,DISTRICT_HEATING,PRIVATELY_RENTED,2643,0,0,8908,93431,0,0,0,0,0,MEDIUM,MEDIUM,MEDIUM,5,COST_BASED,COST_BASED,false,false
1,baseline,1,2026,0,0,DISTRICT_HEATING,SOCIAL_HOUSING,1506,0,0,8908,93431,0,0,0,0,0,MEDIUM,MEDIUM,MEDIUM,5,COST_BASED,COST_BASED,false,false
1,baseline,1,2026,0,0,DISTRICT_HEATING,HOME_OWNER_ASSOCIATION,0,0,0,8908,93431,0,0,0,0,0,MEDIUM,MEDIUM,MEDIUM,5,COST_BASED,COST_BASED,false,false
1,baseline,1,2026,0,0,DISTRICT_HEATING,TOTAL,7973,280,320,8908,93431,0,0,0,0,0,MEDIUM,MEDIUM,MEDIUM,5,COST_BASED,COST_BASED,false,false
1,baseline,1,2027,0,0,NATURAL_GAS_BOILER,PRIVATELY_OWNED,276441,0,0,571739,90672,0,0,0,0,0,MEDIUM,MEDIUM,MEDIUM,5,COST_BASED,COST_BASED,false,false
1,baseline,1,2027,0,0,NATURAL_GAS_BOILER,PRIVATELY_RENTED,60557,0,0,571739,90672,0,0,0,0,0,MEDIUM,MEDIUM,MEDIUM,5,COST_BASED,COST_BASED,false,false
1,baseline,1,2027,0,0,NATURAL_GAS_BOILER,SOCIAL_HOUSING,98450,0,0,571739,90672,0,0,0,0,0,MEDIUM,MEDIUM,MEDIUM,5,COST_BASED,COST_BASED,false,false
1,baseline,1,2027,0,0,NATURAL_GAS_BOILER,HOME_OWNER_ASSOCIATION,5479,0,0,571739,90672,0,0,0,0,0,MEDIUM,MEDIUM,MEDIUM,5,COST_BASED,COST_BASED,false,false
1,baseline,1,2027,0,0,NATURAL_GAS_BOILER,TOTAL,440927,32227,42700,571739,90672,0,0,0,0,0,MEDIUM,MEDIUM,MEDIUM,5,COST_BASED,COST_BASED,false,false
1,baseline,1,2027,0,0,NATURAL_GAS_BLOCK,PRIVATELY_OWNED,15,0,0,30949,90672,0,0,0,0,0,MEDIUM,MEDIUM,MEDIUM,5,COST_BASED,COST_BASED,false,false
1,baseline,1,2027,0,0,NATURAL_GAS_BLOCK,PRIVATELY_RENTED,749,0,0,30949,90672,0,0,0,0,0,MEDIUM,MEDIUM,MEDIUM,5,COST_BASED,COST_BASED,false,false
1,baseline,1,2027,0,0,NATURAL_GAS_BLOCK,SOCIAL_HOUSING,2708,0,0,30949,90672,0,0,0,0,0,MEDIUM,MEDIUM,MEDIUM,5,COST_BASED,COST_BASED,false,false
1,baseline,1,2027,0,0,NATURAL_GAS_BLOCK,HOME_OWNER_ASSOCIATION,19630,0,0,30949,90672,0,0,0,0,0,MEDIUM,MEDIUM,MEDIUM,5,COST_BASED,COST_BASED,false,false
1,baseline,1,2027,0,0,NATURAL_GAS_BLOCK,TOTAL,23102,532,4726,30949,90672,0,0,0,0,0,MEDIUM,MEDIUM,MEDIUM,5,COST_BASED,COST_BASED,false,false
1,baseline,1,2027,0,0,HYBRID_HEAT_PUMP,PRIVATELY_OWNED,22509,0,0,33645,90672,0,0,0,0,0,MEDIUM,MEDIUM,MEDIUM,5,COST_BASED,COST_BASED,false,false
1,baseline,1,2027,0,0,HYBRID_HEAT_PUMP,PRIVATELY_RENTED,5475,0,0,33645,90672,0,0,0,0,0,MEDIUM,MEDIUM,MEDIUM,5,COST_BASED,COST_BASED,false,false
1,baseline,1,2027,0,0,HYBRID_HEAT_PUMP,SOCIAL_HOUSING,2508,0,0,33645,90672,0,0,0,0,0,MEDIUM,MEDIUM,MEDIUM,5,COST_BASED,COST_BASED,false,false
1,baseline,1,2027,0,0,HYBRID_HEAT_PUMP,HOME_OWNER_ASSOCIATION,448,0,0,33645,90672,0,0,0,0,0,MEDIUM,MEDIUM,MEDIUM,5,COST_BASED,COST_BASED,false,false
1,baseline,1,2027,0,0,HYBRID_HEAT_PUMP,TOTAL,30940,7739,818,33645,90672,0,0,0,0,0,MEDIUM,MEDIUM,MEDIUM,5,COST_BASED,COST_BASED,false,false
1,baseline,1,2027,0,0,ELECTRIC_HEAT_PUMP,PRIVATELY_OWNED,39594,0,0,48700,90672,0,0,0,0,0,MEDIUM,MEDIUM,MEDIUM,5,COST_BASED,COST_BASED,false,false
1,baseline,1,2027,0,0,ELECTRIC_HEAT_PUMP,PRIVATELY_RENTED,3156,0,0,48700,90672,0,0,0,0,0,MEDIUM,MEDIUM,MEDIUM,5,COST_BASED,COST_BASED,false,false
1,baseline,1,2027,0,0,ELECTRIC_HEAT_PUMP,SOCIAL_HOUSING,124,0,0,48700,90672,0,0,0,0,0,MEDIUM,MEDIUM,MEDIUM,5,COST_BASED,COST_BASED,false,false
1,baseline,1,2027,0,0,ELECTRIC_HEAT_PUMP,HOME_OWNER_ASSOCIATION,0,0,0,48700,90672,0,0,0,0,0,MEDIUM,MEDIUM,MEDIUM,5,COST_BASED,COST_BASED,false,false
1,baseline,1,2027,0,0,ELECTRIC_HEAT_PUMP,TOTAL,42874,9293,1488,48700,90672,0,0,0,0,0,MEDIUM,MEDIUM,MEDIUM,5,COST_BASED,COST_BASED,false,false
1,baseline,1,2027,0,0,DISTRICT_HEATING,PRIVATELY_OWNED,3881,0,0,9199,90672,0,0,0,0,0,MEDIUM,MEDIUM,MEDIUM,5,COST_BASED,COST_BASED,false,false
1,baseline,1,2027,0,0,DISTRICT_HEATING,PRIVATELY_RENTED,2527,0,0,9199,90672,0,0,0,0,0,MEDIUM,MEDIUM,MEDIUM,5,COST_BASED,COST_BASED,false,false
1,baseline,1,2027,0,0,DISTRICT_HEATING,SOCIAL_HOUSING,1506,0,0,9199,90672,0,0,0,0,0,MEDIUM,MEDIUM,MEDIUM,5,COST_BASED,COST_BASED,false,false
1,baseline,1,2027,0,0,DISTRICT_HEATING,HOME_OWNER_ASSOCIATION,0,0,0,9199,90672,0,0,0,0,0,MEDIUM,MEDIUM,MEDIUM,5,COST_BASED,COST_BASED,false,false
1,baseline,1,2027,0,0,DISTRICT_HEATING,TOTAL,7914,291,350,9199,90672,0,0,0,0,0,MEDIUM,MEDIUM,MEDIUM,5,COST_BASED,COST_BASED,false,false
1,baseline,1,2028,0,0,NATURAL_GAS_BOILER,PRIVATELY_OWNED,265779,0,0,598665,83129,0,0,0,0,0,MEDIUM,MEDIUM,MEDIUM,5,COST_BASED,COST_BASED,false,false
1,baseline,1,2028,0,0,NATURAL_GAS_BOILER,PRIVATELY_RENTED,58924,0,0,598665,83129,0,0,0,0,0,MEDIUM,MEDIUM,MEDIUM,5,COST_BASED,COST_BASED,false,false
1,baseline,1,2028,0,0,NATURAL_GAS_BOILER,SOCIAL_HOUSING,97775,0,0,598665,83129,0,0,0,0,0,MEDIUM,MEDIUM,MEDIUM,5,COST_BASED,COST_BASED,false,false
1,baseline,1,2028,0,0,NATURAL_GAS_BOILER,HOME_OWNER_ASSOCIATION,7016,0,0,598665,83129,0,0,0,0,0,MEDIUM,MEDIUM,MEDIUM,5,COST_BASED,COST_BASED,false,false
1,baseline,1,2028,0,0,NATURAL_GAS_BOILER,TOTAL,429494,26926,38359,598665,83129,0,0,0,0,0,MEDIUM,MEDIUM,MEDIUM,5,COST_BASED,COST_BASED,false,false
1,baseline,1,2028,0,0,NATURAL_GAS_BLOCK,PRIVATELY_OWNED,16,0,0,31189,83129,0,0,0,0,0,MEDIUM,MEDIUM,MEDIUM,5,COST_BASED,COST_BASED,false,false
1,baseline,1,2028,0,0,NATURAL_GAS_BLOCK,PRIVATELY_RENTED,988,0,0,31189,83129,0,0,0,0,0,MEDIUM,MEDIUM,MEDIUM,5,COST_BASED,COST_BASED,false,false
1,baseline,1,2028,0,0,NATURAL_GAS_BLOCK,SOCIAL_HOUSING,2354,0,0,31189,83129,0,0,0,0,0,MEDIUM,MEDIUM,MEDIUM,5,COST_BASED,COST_BASED,false,false
1,baseline,1,2028,0,0,NATURAL_GAS_BLOCK,HOME_OWNER_ASSOCIATION,17997,0,0,31189,83129,0,0,0,0,0,MEDIUM,MEDIUM,MEDIUM,5,COST_BASED,COST_BASED,false,false
1,baseline,1,2028,0,0,NATURAL_GAS_BLOCK,TOTAL,21355,240,1987,31189,83129,0,0,0,0,0,MEDIUM,MEDIUM,MEDIUM,5,COST_BASED,COST_BASED,false,false
1,baseline,1,2028,0,0,HYBRID_HEAT_PUMP,PRIVATELY_OWNED,25649,0,0,40508,83129,0,0,0,0,0,MEDIUM,MEDIUM,MEDIUM,5,COST_BASED,COST_BASED,false,false
1,baseline,1,2028,0,0,HYBRID_HEAT_PUMP,PRIVATELY_RENTED,7297,0,0,40508,83129,0,0,0,0,0,MEDIUM,MEDIUM,MEDIUM,5,COST_BASED,COST_BASED,false,false
1,baseline,1,2028,0,0,HYBRID_HEAT_PUMP,SOCIAL_HOUSING,3537,0,0,40508,83129,0,0,0,0,0,MEDIUM,MEDIUM,MEDIUM,5,COST_BASED,COST_BASED,false,false
1,baseline,1,2028,0,0,HYBRID_HEAT_PUMP,HOME_OWNER_ASSOCIATION,544,0,0,40508,83129,0,0,0,0,0,MEDIUM,MEDIUM,MEDIUM,5,COST_BASED,COST_BASED,false,false
1,baseline,1,2028,0,0,HYBRID_HEAT_PUMP,TOTAL,37027,6863,776,40508,83129,0,0,0,0,0,MEDIUM,MEDIUM,MEDIUM,5,COST_BASED,COST_BASED,false,false
1,baseline,1,2028,0,0,ELECTRIC_HEAT_PUMP,PRIVATELY_OWNED,47034,0,0,57315,83129,0,0,0,0,0,MEDIUM,MEDIUM,MEDIUM,5,COST_BASED,COST_BASED,false,false
1,baseline,1,2028,0,0,ELECTRIC_HEAT_PUMP,PRIVATELY_RENTED,2881,0,0,57315,83129,0,0,0,0,0,MEDIUM,MEDIUM,MEDIUM,5,COST_BASED,COST_BASED,false,false
1,baseline,1,2028,0,0,ELECTRIC_HEAT_PUMP,SOCIAL_HOUSING,124,0,0,57315,83129,0,0,0,0,0,MEDIUM,MEDIUM,MEDIUM,5,COST_BASED,COST_BASED,false,false
1,baseline,1,2028,0,0,ELECTRIC_HEAT_PUMP,HOME_OWNER_ASSOCIATION,0,0,0,57315,83129,0,0,0,0,0,MEDIUM,MEDIUM,MEDIUM,5,COST_BASED,COST_BASED,false,false
1,baseline,1,2028,0,0,ELECTRIC_HEAT_PUMP,TOTAL,50039,8615,1450,57315,83129,0,0,0,0,0,MEDIUM,MEDIUM,MEDIUM,5,COST_BASED,COST_BASED,false,false
1,baseline,1,2028,0,0,DISTRICT_HEATING,PRIVATELY_OWNED,3962,0,0,9492,83129,0,0,0,0,0,MEDIUM,MEDIUM,MEDIUM,5,COST_BASED,COST_BASED,false,false
1,baseline,1,2028,0,0,DISTRICT_HEATING,PRIVATELY_RENTED,2374,0,0,9492,83129,0,0,0,0,0,MEDIUM,MEDIUM,MEDIUM,5,COST_BASED,COST_BASED,false,false
1,baseline,1,2028,0,0,DISTRICT_HEATING,SOCIAL_HOUSING,1506,0,0,9492,83129,0,0,0,0,0,MEDIUM,MEDIUM,MEDIUM,5,COST_BASED,COST_BASED,false,false
1,baseline,1,2028,0,0,DISTRICT_HEATING,HOME_OWNER_ASSOCIATION,0,0,0,9492,83129,0,0,0,0,0,MEDIUM,MEDIUM,MEDIUM,5,COST_BASED,COST_BASED,false,false
1,baseline,1,2028,0,0,DISTRICT_HEATING,TOTAL,7842,293,365,9492,83129,0,0,0,0,0,MEDIUM,MEDIUM,MEDIUM,5,COST_BASED,COST_BASED,false,false
1,baseline,1,2029,0,0,NATURAL_GAS_BOILER,PRIVATELY_OWNED,249420,0,0,626165,85436,0,0,0,0,0,MEDIUM,MEDIUM,MEDIUM,5,COST_BASED,COST_BASED,false,false
1,baseline,1,2029,0,0,NATURAL_GAS_BOILER,PRIVATELY_RENTED,57098,0,0,626165,85436,0,0,0,0,0,MEDIUM,MEDIUM,MEDIUM,5,COST_BASED,COST_BASED,false,false
1,baseline,1,2029,0,0,NATURAL_GAS_BOILER,SOCIAL_HOUSING,97354,0,0,626165,85436,0,0,0,0,0,MEDIUM,MEDIUM,MEDIUM,5,COST_BASED,COST_BASED,false,false
1,baseline,1,2029,0,0,NATURAL_GAS_BOILER,HOME_OWNER_ASSOCIATION,7796,0,0,626165,85436,0,0,0,0,0,MEDIUM,MEDIUM,MEDIUM,5,COST_BASED,COST_BASED,false,false
1,baseline,1,2029,0,0,NATURAL_GAS_BOILER,TOTAL,411668,27500,45326,626165,85436,0,0,0,0,0,MEDIUM,MEDIUM,MEDIUM,5,COST_BASED,COST_BASED,false,false
1,baseline,1,2029,0,0,NATURAL_GAS_BLOCK,PRIVATELY_OWNED,21,0,0,31444,85436,0,0,0,0,0,MEDIUM,MEDIUM,MEDIUM,5,COST_BASED,COST_BASED,false,false
1,baseline,1,2029,0,0,NATURAL_GAS_BLOCK,PRIVATELY_RENTED,1233,0,0,31444,85436,0,0,0,0,0,MEDIUM,MEDIUM,MEDIUM,5,COST_BASED,COST_BASED,false,false
1,baseline,1,2029,0,0,NATURAL_GAS_BLOCK,SOCIAL_HOUSING,1627,0,0,31444,85436,0,0,0,0,0,MEDIUM,MEDIUM,MEDIUM,5,COST_BASED,COST_BASED,false,false
1,baseline,1,2029,0,0,NATURAL_GAS_BLOCK,HOME_OWNER_ASSOCIATION,17217,0,0,31444,85436,0,0,0,0,0,MEDIUM,MEDIUM,MEDIUM,5,COST_BASED,COST_BASED,false,false
1,baseline,1,2029,0,0,NATURAL_GAS_BLOCK,TOTAL,20098,255,1512,31444,85436,0,0,0,0,0,MEDIUM,MEDIUM,MEDIUM,5,COST_BASED,COST_BASED,false,false
1,baseline,1,2029,0,0,HYBRID_HEAT_PUMP,PRIVATELY_OWNED,31949,0,0,50678,85436,0,0,0,0,0,MEDIUM,MEDIUM,MEDIUM,5,COST_BASED,COST_BASED,false,false
1,baseline,1,2029,0,0,HYBRID_HEAT_PUMP,PRIVATELY_RENTED,9285,0,0,50678,85436,0,0,0,0,0,MEDIUM,MEDIUM,MEDIUM,5,COST_BASED,COST_BASED,false,false
1,baseline,1,2029,0,0,HYBRID_HEAT_PUMP,SOCIAL_HOUSING,4687,0,0,50678,85436,0,0,0,0,0,MEDIUM,MEDIUM,MEDIUM,5,COST_BASED,COST_BASED,false,false
1,baseline,1,2029,0,0,HYBRID_HEAT_PUMP,HOME_OWNER_ASSOCIATION,544,0,0,50678,85436,0,0,0,0,0,MEDIUM,MEDIUM,MEDIUM,5,COST_BASED,COST_BASED,false,false
1,baseline,1,2029,0,0,HYBRID_HEAT_PUMP,TOTAL,46465,10170,732,50678,85436,0,0,0,0,0,MEDIUM,MEDIUM,MEDIUM,5,COST_BASED,COST_BASED,false,false
1,baseline,1,2029,0,0,ELECTRIC_HEAT_PUMP,PRIVATELY_OWNED,57022,0,0,68530,85436,0,0,0,0,0,MEDIUM,MEDIUM,MEDIUM,5,COST_BASED,COST_BASED,false,false
1,baseline,1,2029,0,0,ELECTRIC_HEAT_PUMP,PRIVATELY_RENTED,2596,0,0,68530,85436,0,0,0,0,0,MEDIUM,MEDIUM,MEDIUM,5,COST_BASED,COST_BASED,false,false
1,baseline,1,2029,0,0,ELECTRIC_HEAT_PUMP,SOCIAL_HOUSING,122,0,0,68530,85436,0,0,0,0,0,MEDIUM,MEDIUM,MEDIUM,5,COST_BASED,COST_BASED,false,false
1,baseline,1,2029,0,0,ELECTRIC_HEAT_PUMP,HOME_OWNER_ASSOCIATION,0,0,0,68530,85436,0,0,0,0,0,MEDIUM,MEDIUM,MEDIUM,5,COST_BASED,COST_BASED,false,false
1,baseline,1,2029,0,0,ELECTRIC_HEAT_PUMP,TOTAL,59740,11215,1514,68530,85436,0,0,0,0,0,MEDIUM,MEDIUM,MEDIUM,5,COST_BASED,COST_BASED,false,false
1,baseline,1,2029,0,0,DISTRICT_HEATING,PRIVATELY_OWNED,4028,0,0,9756,85436,0,0,0,0,0,MEDIUM,MEDIUM,MEDIUM,5,COST_BASED,COST_BASED,false,false
1,baseline,1,2029,0,0,DISTRICT_HEATING,PRIVATELY_RENTED,2252,0,0,9756,85436,0,0,0,0,0,MEDIUM,MEDIUM,MEDIUM,5,COST_BASED,COST_BASED,false,false
1,baseline,1,2029,0,0,DISTRICT_HEATING,SOCIAL_HOUSING,1506,0,0,9756,85436,0,0,0,0,0,MEDIUM,MEDIUM,MEDIUM,5,COST_BASED,COST_BASED,false,false
1,baseline,1,2029,0,0,DISTRICT_HEATING,HOME_OWNER_ASSOCIATION,0,0,0,9756,85436,0,0,0,0,0,MEDIUM,MEDIUM,MEDIUM,5,COST_BASED,COST_BASED,false,false
1,baseline,1,2029,0,0,DISTRICT_HEATING,TOTAL,7786,264,320,9756,85436,0,0,0,0,0,MEDIUM,MEDIUM,MEDIUM,5,COST_BASED,COST_BASED,false,false
1,baseline,1,2030,0,0,NATURAL_GAS_BOILER,PRIVATELY_OWNED,234249,0,0,651483,81826,0,0,0,0,0,MEDIUM,MEDIUM,MEDIUM,5,COST_BASED,COST_BASED,false,false
1,baseline,1,2030,0,0,NATURAL_GAS_BOILER,PRIVATELY_RENTED,55133,0,0,651483,81826,0,0,0,0,0,MEDIUM,MEDIUM,MEDIUM,5,COST_BASED,COST_BASED,false,false
1,baseline,1,2030,0,0,NATURAL_GAS_BOILER,SOCIAL_HOUSING,95731,0,0,651483,81826,0,0,0,0,0,MEDIUM,MEDIUM,MEDIUM,5,COST_BASED,COST_BASED,false,false
1,baseline,1,2030,0,0,NATURAL_GAS_BOILER,HOME_OWNER_ASSOCIATION,10726,0,0,651483,81826,0,0,0,0,0,MEDIUM,MEDIUM,MEDIUM,5,COST_BASED,COST_BASED,false,false
1,baseline,1,2030,0,0,NATURAL_GAS_BOILER,TOTAL,395839,25318,41147,651483,81826,0,0,0,0,0,MEDIUM,MEDIUM,MEDIUM,5,COST_BASED,COST_BASED,false,false
1,baseline,1,2030,0,0,NATURAL_GAS_BLOCK,PRIVATELY_OWNED,22,0,0,31647,81826,0,0,0,0,0,MEDIUM,MEDIUM,MEDIUM,5,COST_BASED,COST_BASED,false,false
1,baseline,1,2030,0,0,NATURAL_GAS_BLOCK,PRIVATELY_RENTED,1435,0,0,31647,81826,0,0,0,0,0,MEDIUM,MEDIUM,MEDIUM,5,COST_BASED,COST_BASED,false,false
1,baseline,1,2030,0,0,NATURAL_GAS_BLOCK,SOCIAL_HOUSING,1347,0,0,31647,81826,0,0,0,0,0,MEDIUM,MEDIUM,MEDIUM,5,COST_BASED,COST_BASED,false,false
1,baseline,1,2030,0,0,NATURAL_GAS_BLOCK,HOME_OWNER_ASSOCIATION,13617,0,0,31647,81826,0,0,0,0,0,MEDIUM,MEDIUM,MEDIUM,5,COST_BASED,COST_BASED,false,false
1,baseline,1,2030,0,0,NATURAL_GAS_BLOCK,TOTAL,16421,203,3880,31647,81826,0,0,0,0,0,MEDIUM,MEDIUM,MEDIUM,5,COST_BASED,COST_BASED,false,false
1,baseline,1,2030,0,0,HYBRID_HEAT_PUMP,PRIVATELY_OWNED,38213,0,0,62420,81826,0,0,0,0,0,MEDIUM,MEDIUM,MEDIUM,5,COST_BASED,COST_BASED,false,false
1,baseline,1,2030,0,0,HYBRID_HEAT_PUMP,PRIVATELY_RENTED,11481,0,0,62420,81826,0,0,0,0,0,MEDIUM,MEDIUM,MEDIUM,5,COST_BASED,COST_BASED,false,false
1,baseline,1,2030,0,0,HYBRID_HEAT_PUMP,SOCIAL_HOUSING,6590,0,0,62420,81826,0,0,0,0,0,MEDIUM,MEDIUM,MEDIUM,5,COST_BASED,COST_BASED,false,false
1,baseline,1,2030,0,0,HYBRID_HEAT_PUMP,HOME_OWNER_ASSOCIATION,1214,0,0,62420,81826,0,0,0,0,0,MEDIUM,MEDIUM,MEDIUM,5,COST_BASED,COST_BASED,false,false
1,baseline,1,2030,0,0,HYBRID_HEAT_PUMP,TOTAL,57498,11742,709,62420,81826,0,0,0,0,0,MEDIUM,MEDIUM,MEDIUM,5,COST_BASED,COST_BASED,false,false
1,baseline,1,2030,0,0,ELECTRIC_HEAT_PUMP,PRIVATELY_OWNED,65725,0,0,78513,81826,0,0,0,0,0,MEDIUM,MEDIUM,MEDIUM,5,COST_BASED,COST_BASED,false,false
1,baseline,1,2030,0,0,ELECTRIC_HEAT_PUMP,PRIVATELY_RENTED,2325,0,0,78513,81826,0,0,0,0,0,MEDIUM,MEDIUM,MEDIUM,5,COST_BASED,COST_BASED,false,false
1,baseline,1,2030,0,0,ELECTRIC_HEAT_PUMP,SOCIAL_HOUSING,122,0,0,78513,81826,0,0,0,0,0,MEDIUM,MEDIUM,MEDIUM,5,COST_BASED,COST_BASED,false,false
1,baseline,1,2030,0,0,ELECTRIC_HEAT_PUMP,HOME_OWNER_ASSOCIATION,0,0,0,78513,81826,0,0,0,0,0,MEDIUM,MEDIUM,MEDIUM,5,COST_BASED,COST_BASED,false,false
1,baseline,1,2030,0,0,ELECTRIC_HEAT_PUMP,TOTAL,68172,9983,1551,78513,81826,0,0,0,0,0,MEDIUM,MEDIUM,MEDIUM,5,COST_BASED,COST_BASED,false,false
1,baseline,1,2030,0,0,DISTRICT_HEATING,PRIVATELY_OWNED,4231,0,0,10155,81826,0,0,0,0,0,MEDIUM,MEDIUM,MEDIUM,5,COST_BASED,COST_BASED,false,false
1,baseline,1,2030,0,0,DISTRICT_HEATING,PRIVATELY_RENTED,2090,0,0,10155,81826,0,0,0,0,0,MEDIUM,MEDIUM,MEDIUM,5,COST_BASED,COST_BASED,false,false
1,baseline,1,2030,0,0,DISTRICT_HEATING,SOCIAL_HOUSING,1506,0,0,10155,81826,0,0,0,0,0,MEDIUM,MEDIUM,MEDIUM,5,COST_BASED,COST_BASED,false,false
1,baseline,1,2030,0,0,DISTRICT_HEATING,HOME_OWNER_ASSOCIATION,0,0,0,10155,81826,0,0,0,0,0,MEDIUM,MEDIUM,MEDIUM,5,COST_BASED,COST_BASED,false,false
1,baseline,1,2030,0,0,DISTRICT_HEATING,TOTAL,7827,399,358,10155,81826,0,0,0,0,0,MEDIUM,MEDIUM,MEDIUM,5,COST_BASED,COST_BASED,false,false
1,baseline,1,2031,0,0,NATURAL_GAS_BOILER,PRIVATELY_OWNED,212825,0,0,673195,81201,0,0,0,0,0,MEDIUM,MEDIUM,MEDIUM,5,COST_BASED,COST_BASED,false,false
1,baseline,1,2031,0,0,NATURAL_GAS_BOILER,PRIVATELY_RENTED,52988,0,0,673195,81201,0,0,0,0,0,MEDIUM,MEDIUM,MEDIUM,5,COST_BASED,COST_BASED,false,false
1,baseline,1,2031,0,0,NATURAL_GAS_BOILER,SOCIAL_HOUSING,91579,0,0,673195,81201,0,0,0,0,0,MEDIUM,MEDIUM,MEDIUM,5,COST_BASED,COST_BASED,false,false
1,baseline,1,2031,0,0,NATURAL_GAS_BOILER,HOME_OWNER_ASSOCIATION,12614,0,0,673195,81201,0,0,0,0,0,MEDIUM,MEDIUM,MEDIUM,5,COST_BASED,COST_BASED,false,false
1,baseline,1,2031,0,0,NATURAL_GAS_BOILER,TOTAL,370006,21712,47545,673195,81201,0,0,0,0,0,MEDIUM,MEDIUM,MEDIUM,5,COST_BASED,COST_BASED,false,false
1,baseline,1,2031,0,0,NATURAL_GAS_BLOCK,PRIVATELY_OWNED,25,0,0,31857,81201,0,0,0,0,0,MEDIUM,MEDIUM,MEDIUM,5,COST_BASED,COST_BASED,false,false
1,baseline,1,2031,0,0,NATURAL_GAS_BLOCK,PRIVATELY_RENTED,1642,0,0,31857,81201,0,0,0,0,0,MEDIUM,MEDIUM,MEDIUM,5,COST_BASED,COST_BASED,false,false
1,baseline,1,2031,0,0,NATURAL_GAS_BLOCK,SOCIAL_HOUSING,967,0,0,31857,81201,0,0,0,0,0,MEDIUM,MEDIUM,MEDIUM,5,COST_BASED,COST_BASED,false,false
1,baseline,1,2031,0,0,NATURAL_GAS_BLOCK,HOME_OWNER_ASSOCIATION,11581,0,0,31857,81201,0,0,0,0,0,MEDIUM,MEDIUM,MEDIUM,5,COST_BASED,COST_BASED,false,false
1,baseline,1,2031,0,0,NATURAL_GAS_BLOCK,TOTAL,14215,210,2416,31857,81201,0,0,0,0,0,MEDIUM,MEDIUM,MEDIUM,5,COST_BASED,COST_BASED,false,false
1,baseline,1,2031,0,0,HYBRID_HEAT_PUMP,PRIVATELY_OWNED,47300,0,0,79291,81201,0,0,0,0,0,MEDIUM,MEDIUM,MEDIUM,5,COST_BASED,COST_BASED,false,false
1,baseline,1,2031,0,0,HYBRID_HEAT_PUMP,PRIVATELY_RENTED,13781,0,0,79291,81201,0,0,0,0,0,MEDIUM,MEDIUM,MEDIUM,5,COST_BASED,COST_BASED,false,false
1,baseline,1,2031,0,0,HYBRID_HEAT_PUMP,SOCIAL_HOUSING,11122,0,0,79291,81201,0,0,0,0,0,MEDIUM,MEDIUM,MEDIUM,5,COST_BASED,COST_BASED,false,false
1,baseline,1,2031,0,0,HYBRID_HEAT_PUMP,HOME_OWNER_ASSOCIATION,1362,0,0,79291,81201,0,0,0,0,0,MEDIUM,MEDIUM,MEDIUM,5,COST_BASED,COST_BASED,false,false
1,baseline,1,2031,0,0,HYBRID_HEAT_PUMP,TOTAL,73565,16871,804,79291,81201,0,0,0,0,0,MEDIUM,MEDIUM,MEDIUM,5,COST_BASED,COST_BASED,false,false
1,baseline,1,2031,0,0,ELECTRIC_HEAT_PUMP,PRIVATELY_OWNED,77792,0,0,91850,81201,0,0,0,0,0,MEDIUM,MEDIUM,MEDIUM,5,COST_BASED,COST_BASED,false,false
1,baseline,1,2031,0,0,ELECTRIC_HEAT_PUMP,PRIVATELY_RENTED,2092,0,0,91850,81201,0,0,0,0,0,MEDIUM,MEDIUM,MEDIUM,5,COST_BASED,COST_BASED,false,false
1,baseline,1,2031,0,0,ELECTRIC_HEAT_PUMP,SOCIAL_HOUSING,122,0,0,91850,81201,0,0,0,0,0,MEDIUM,MEDIUM,MEDIUM,5,COST_BASED,COST_BASED,false,false
1,baseline,1,2031,0,0,ELECTRIC_HEAT_PUMP,HOME_OWNER_ASSOCIATION,0,0,0,91850,81201,0,0,0,0,0,MEDIUM,MEDIUM,MEDIUM,5,COST_BASED,COST_BASED,false,false
1,baseline,1,2031,0,0,ELECTRIC_HEAT_PUMP,TOTAL,80006,13337,1503,91850,81201,0,0,0,0,0,MEDIUM,MEDIUM,MEDIUM,5,COST_BASED,COST_BASED,false,false
1,baseline,1,2031,0,0,DISTRICT_HEATING,PRIVATELY_OWNED,4498,0,0,10661,81201,0,0,0,0,0,MEDIUM,MEDIUM,MEDIUM,5,COST_BASED,COST_BASED,false,false
1,baseline,1,2031,0,0,DISTRICT_HEATING,PRIVATELY_RENTED,1961,0,0,10661,81201,0,0,0,0,0,MEDIUM,MEDIUM,MEDIUM,5,COST_BASED,COST_BASED,false,false
1,baseline,1,2031,0,0,DISTRICT_HEATING,SOCIAL_HOUSING,1506,0,0,10661,81201,0,0,0,0,0,MEDIUM,MEDIUM,MEDIUM,5,COST_BASED,COST_BASED,false,false
1,baseline,1,2031,0,0,DISTRICT_HEATING,HOME_OWNER_ASSOCIATION,0,0,0,10661,81201,0,0,0,0,0,MEDIUM,MEDIUM,MEDIUM,5,COST_BASED,COST_BASED,false,false
1,baseline,1,2031,0,0,DISTRICT_HEATING,TOTAL,7965,506,368,10661,81201,0,0,0,0,0,MEDIUM,MEDIUM,MEDIUM,5,COST_BASED,COST_BASED,false,false
1,baseline,1,2032,0,0,NATURAL_GAS_BOILER,PRIVATELY_OWNED,188423,0,0,691728,73255,0,0,0,0,0,MEDIUM,MEDIUM,MEDIUM,5,COST_BASED,COST_BASED,false,false
1,baseline,1,2032,0,0,NATURAL_GAS_BOILER,PRIVATELY_RENTED,50724,0,0,691728,73255,0,0,0,0,0,MEDIUM,MEDIUM,MEDIUM,5,COST_BASED,COST_BASED,false,false
1,baseline,1,2032,0,0,NATURAL_GAS_BOILER,SOCIAL_HOUSING,90574,0,0,691728,73255,0,0,0,0,0,MEDIUM,MEDIUM,MEDIUM,5,COST_BASED,COST_BASED,false,false
1,baseline,1,2032,0,0,NATURAL_GAS_BOILER,HOME_OWNER_ASSOCIATION,14022,0,0,691728,73255,0,0,0,0,0,MEDIUM,MEDIUM,MEDIUM,5,COST_BASED,COST_BASED,false,false
1,baseline,1,2032,0,0,NATURAL_GAS_BOILER,TOTAL,343743,18533,44796,691728,73255,0,0,0,0,0,MEDIUM,MEDIUM,MEDIUM,5,COST_BASED,COST_BASED,false,false
1,baseline,1,2032,0,0,NATURAL_GAS_BLOCK,PRIVATELY_OWNED,28,0,0,32096,73255,0,0,0,0,0,MEDIUM,MEDIUM,MEDIUM,5,COST_BASED,COST_BASED,false,false
1,baseline,1,2032,0,0,NATURAL_GAS_BLOCK,PRIVATELY_RENTED,1878,0,0,32096,73255,0,0,0,0,0,MEDIUM,MEDIUM,MEDIUM,5,COST_BASED,COST_BASED,false,false
1,baseline,1,2032,0,0,NATURAL_GAS_BLOCK,SOCIAL_HOUSING,669,0,0,32096,73255,0,0,0,0,0,MEDIUM,MEDIUM,MEDIUM,5,COST_BASED,COST_BASED,false,false
1,baseline,1,2032,0,0,NATURAL_GAS_BLOCK,HOME_OWNER_ASSOCIATION,9703,0,0,32096,73255,0,0,0,0,0,MEDIUM,MEDIUM,MEDIUM,5,COST_BASED,COST_BASED,false,false
1,baseline,1,2032,0,0,NATURAL_GAS_BLOCK,TOTAL,12278,239,2176,32096,73255,0,0,0,0,0,MEDIUM,MEDIUM,MEDIUM,5,COST_BASED,COST_BASED,false,false
1,baseline,1,2032,0,0,HYBRID_HEAT_PUMP,PRIVATELY_OWNED,58792,0,0,95747,73255,0,0,0,0,0,MEDIUM,MEDIUM,MEDIUM,5,COST_BASED,COST_BASED,false,false
1,baseline,1,2032,0,0,HYBRID_HEAT_PUMP,PRIVATELY_RENTED,16212,0,0,95747,73255,0,0,0,0,0,MEDIUM,MEDIUM,MEDIUM,5,COST_BASED,COST_BASED,false,false
1,baseline,1,2032,0,0,HYBRID_HEAT_PUMP,SOCIAL_HOUSING,12425,0,0,95747,73255,0,0,0,0,0,MEDIUM,MEDIUM,MEDIUM,5,COST_BASED,COST_BASED,false,false
1,baseline,1,2032,0,0,HYBRID_HEAT_PUMP,HOME_OWNER_ASSOCIATION,1832,0,0,95747,73255,0,0,0,0,0,MEDIUM,MEDIUM,MEDIUM,5,COST_BASED,COST_BASED,false,false
1,baseline,1,2032,0,0,HYBRID_HEAT_PUMP,TOTAL,89261,16456,760,95747,73255,0,0,0,0,0,MEDIUM,MEDIUM,MEDIUM,5,COST_BASED,COST_BASED,false,false
1,baseline,1,2032,0,0,ELECTRIC_HEAT_PUMP,PRIVATELY_OWNED,90395,0,0,105709,73255,0,0,0,0,0,MEDIUM,MEDIUM,MEDIUM,5,COST_BASED,COST_BASED,false,false
1,baseline,1,2032,0,0,ELECTRIC_HEAT_PUMP,PRIVATELY_RENTED,1806,0,0,105709,73255,0,0,0,0,0,MEDIUM,MEDIUM,MEDIUM,5,COST_BASED,COST_BASED,false,false
1,baseline,1,2032,0,0,ELECTRIC_HEAT_PUMP,SOCIAL_HOUSING,122,0,0,105709,73255,0,0,0,0,0,MEDIUM,MEDIUM,MEDIUM,5,COST_BASED,COST_BASED,false,false
1,baseline,1,2032,0,0,ELECTRIC_HEAT_PUMP,HOME_OWNER_ASSOCIATION,0,0,0,105709,73255,0,0,0,0,0,MEDIUM,MEDIUM,MEDIUM,5,COST_BASED,COST_BASED,false,false
1,baseline,1,2032,0,0,ELECTRIC_HEAT_PUMP,TOTAL,92323,13859,1542,105709,73255,0,0,0,0,0,MEDIUM,MEDIUM,MEDIUM,5,COST_BASED,COST_BASED,false,false
1,baseline,1,2032,0,0,DISTRICT_HEATING,PRIVATELY_OWNED,4802,0,0,11178,73255,0,0,0,0,0,MEDIUM,MEDIUM,MEDIUM,5,COST_BASED,COST_BASED,false,false
1,baseline,1,2032,0,0,DISTRICT_HEATING,PRIVATELY_RENTED,1844,0,0,11178,73255,0,0,0,0,0,MEDIUM,MEDIUM,MEDIUM,5,COST_BASED,COST_BASED,false,false
1,baseline,1,2032,0,0,DISTRICT_HEATING,SOCIAL_HOUSING,1506,0,0,11178,73255,0,0,0,0,0,MEDIUM,MEDIUM,MEDIUM,5,COST_BASED,COST_BASED,false,false
1,baseline,1,2032,0,0,DISTRICT_HEATING,HOME_OWNER_ASSOCIATION,0,0,0,11178,73255,0,0,0,0,0,MEDIUM,MEDIUM,MEDIUM,5,COST_BASED,COST_BASED,false,false
1,baseline,1,2032,0,0,DISTRICT_HEATING,TOTAL,8152,517,330,11178,73255,0,0,0,0,0,MEDIUM,MEDIUM,MEDIUM,5,COST_BASED,COST_BASED,false,false
1,baseline,1,2033,0,0,NATURAL_GAS_BOILER,PRIVATELY_OWNED,162201,0,0,709080,72252,0,0,0,0,0,MEDIUM,MEDIUM,MEDIUM,5,COST_BASED,COST_BASED,false,false
1,baseline,1,2033,0,0,NATURAL_GAS_BOILER,PRIVATELY_RENTED,48115,0,0,709080,72252,0,0,0,0,0,MEDIUM,MEDIUM,MEDIUM,5,COST_BASED,COST_BASED,false,false
1,baseline,1,2033,0,0,NATURAL_GAS_BOILER,SOCIAL_HOUSING,85967,0,0,709080,72252,0,0,0,0,0,MEDIUM,MEDIUM,MEDIUM,5,COST_BASED,COST_BASED,false,false
1,baseline,1,2033,0,0,NATURAL_GAS_BOILER,HOME_OWNER_ASSOCIATION,15540,0,0,709080,72252,0,0,0,0,0,MEDIUM,MEDIUM,MEDIUM,5,COST_BASED,COST_BASED,false,false
1,baseline,1,2033,0,0,NATURAL_GAS_BOILER,TOTAL,311823,17352,49272,709080,72252,0,0,0,0,0,MEDIUM,MEDIUM,MEDIUM,5,COST_BASED,COST_BASED,false,false
1,baseline,1,2033,0,0,NATURAL_GAS_BLOCK,PRIVATELY_OWNED,29,0,0,32384,72252,0,0,0,0,0,MEDIUM,MEDIUM,MEDIUM,5,COST_BASED,COST_BASED,false,false
1,baseline,1,2033,0,0,NATURAL_GAS_BLOCK,PRIVATELY_RENTED,2165,0,0,32384,72252,0,0,0,0,0,MEDIUM,MEDIUM,MEDIUM,5,COST_BASED,COST_BASED,false,false
1,baseline,1,2033,0,0,NATURAL_GAS_BLOCK,SOCIAL_HOUSING,620,0,0,32384,72252,0,0,0,0,0,MEDIUM,MEDIUM,MEDIUM,5,COST_BASED,COST_BASED,false,false
1,baseline,1,2033,0,0,NATURAL_GAS_BLOCK,HOME_OWNER_ASSOCIATION,7927,0,0,32384,72252,0,0,0,0,0,MEDIUM,MEDIUM,MEDIUM,5,COST_BASED,COST_BASED,false,false
1,baseline,1,2033,0,0,NATURAL_GAS_BLOCK,TOTAL,10741,288,1825,32384,72252,0,0,0,0,0,MEDIUM,MEDIUM,MEDIUM,5,COST_BASED,COST_BASED,false,false
1,baseline,1,2033,0,0,HYBRID_HEAT_PUMP,PRIVATELY_OWNED,70536,0,0,115965,72252,0,0,0,0,0,MEDIUM,MEDIUM,MEDIUM,5,COST_BASED,COST_BASED,false,false
1,baseline,1,2033,0,0,HYBRID_HEAT_PUMP,PRIVATELY_RENTED,18848,0,0,115965,72252,0,0,0,0,0,MEDIUM,MEDIUM,MEDIUM,5,COST_BASED,COST_BASED,false,false
1,baseline,1,2033,0,0,HYBRID_HEAT_PUMP,SOCIAL_HOUSING,17135,0,0,115965,72252,0,0,0,0,0,MEDIUM,MEDIUM,MEDIUM,5,COST_BASED,COST_BASED,false,false
1,baseline,1,2033,0,0,HYBRID_HEAT_PUMP,HOME_OWNER_ASSOCIATION,2090,0,0,115965,72252,0,0,0,0,0,MEDIUM,MEDIUM,MEDIUM,5,COST_BASED,COST_BASED,false,false
1,baseline,1,2033,0,0,HYBRID_HEAT_PUMP,TOTAL,108609,20218,870,115965,72252,0,0,0,0,0,MEDIUM,MEDIUM,MEDIUM,5,COST_BASED,COST_BASED,false,false
1,baseline,1,2033,0,0,ELECTRIC_HEAT_PUMP,PRIVATELY_OWNED,104578,0,0,121205,72252,0,0,0,0,0,MEDIUM,MEDIUM,MEDIUM,5,COST_BASED,COST_BASED,false,false
1,baseline,1,2033,0,0,ELECTRIC_HEAT_PUMP,PRIVATELY_RENTED,1571,0,0,121205,72252,0,0,0,0,0,MEDIUM,MEDIUM,MEDIUM,5,COST_BASED,COST_BASED,false,false
1,baseline,1,2033,0,0,ELECTRIC_HEAT_PUMP,SOCIAL_HOUSING,68,0,0,121205,72252,0,0,0,0,0,MEDIUM,MEDIUM,MEDIUM,5,COST_BASED,COST_BASED,false,false
1,baseline,1,2033,0,0,ELECTRIC_HEAT_PUMP,HOME_OWNER_ASSOCIATION,0,0,0,121205,72252,0,0,0,0,0,MEDIUM,MEDIUM,MEDIUM,5,COST_BASED,COST_BASED,false,false
1,baseline,1,2033,0,0,ELECTRIC_HEAT_PUMP,TOTAL,106217,15496,1602,121205,72252,0,0,0,0,0,MEDIUM,MEDIUM,MEDIUM,5,COST_BASED,COST_BASED,false,false
1,baseline,1,2033,0,0,DISTRICT_HEATING,PRIVATELY_OWNED,5096,0,0,11636,72252,0,0,0,0,0,MEDIUM,MEDIUM,MEDIUM,5,COST_BASED,COST_BASED,false,false
1,baseline,1,2033,0,0,DISTRICT_HEATING,PRIVATELY_RENTED,1765,0,0,11636,72252,0,0,0,0,0,MEDIUM,MEDIUM,MEDIUM,5,COST_BASED,COST_BASED,false,false
1,baseline,1,2033,0,0,DISTRICT_HEATING,SOCIAL_HOUSING,1506,0,0,11636,72252,0,0,0,0,0,MEDIUM,MEDIUM,MEDIUM,5,COST_BASED,COST_BASED,false,false
1,baseline,1,2033,0,0,DISTRICT_HEATING,HOME_OWNER_ASSOCIATION,0,0,0,11636,72252,0,0,0,0,0,MEDIUM,MEDIUM,MEDIUM,5,COST_BASED,COST_BASED,false,false
1,baseline,1,2033,0,0,DISTRICT_HEATING,TOTAL,8367,458,243,11636,72252,0,0,0,0,0,MEDIUM,MEDIUM,MEDIUM,5,COST_BASED,COST_BASED,false,false
1,baseline,1,2034,0,0,NATURAL_GAS_BOILER,PRIVATELY_OWNED,135378,0,0,720427,61331,0,0,0,0,0,MEDIUM,MEDIUM,MEDIUM,5,COST_BASED,COST_BASED,false,false
1,baseline,1,2034,0,0,NATURAL_GAS_BOILER,PRIVATELY_RENTED,45450,0,0,720427,61331,0,0,0,0,0,MEDIUM,MEDIUM,MEDIUM,5,COST_BASED,COST_BASED,false,false
1,baseline,1,2034,0,0,NATURAL_GAS_BOILER,SOCIAL_HOUSING,81690,0,0,720427,61331,0,0,0,0,0,MEDIUM,MEDIUM,MEDIUM,5,COST_BASED,COST_BASED,false,false
1,baseline,1,2034,0,0,NATURAL_GAS_BOILER,HOME_OWNER_ASSOCIATION,17251,0,0,720427,61331,0,0,0,0,0,MEDIUM,MEDIUM,MEDIUM,5,COST_BASED,COST_BASED,false,false
1,baseline,1,2034,0,0,NATURAL_GAS_BOILER,TOTAL,279769,11347,43401,720427,61331,0,0,0,0,0,MEDIUM,MEDIUM,MEDIUM,5,COST_BASED,COST_BASED,false,false
1,baseline,1,2034,0,0,NATURAL_GAS_BLOCK,PRIVATELY_OWNED,33,0,0,32599,61331,0,0,0,0,0,MEDIUM,MEDIUM,MEDIUM,5,COST_BASED,COST_BASED,false,false
1,baseline,1,2034,0,0,NATURAL_GAS_BLOCK,PRIVATELY_RENTED,2376,0,0,32599,61331,0,0,0,0,0,MEDIUM,MEDIUM,MEDIUM,5,COST_BASED,COST_BASED,false,false
1,baseline,1,2034,0,0,NATURAL_GAS_BLOCK,SOCIAL_HOUSING,560,0,0,32599,61331,0,0,0,0,0,MEDIUM,MEDIUM,MEDIUM,5,COST_BASED,COST_BASED,false,false
1,baseline,1,2034,0,0,NATURAL_GAS_BLOCK,HOME_OWNER_ASSOCIATION,5233,0,0,32599,61331,0,0,0,0,0,MEDIUM,MEDIUM,MEDIUM,5,COST_BASED,COST_BASED,false,false
1,baseline,1,2034,0,0,NATURAL_GAS_BLOCK,TOTAL,8202,215,2754,32599,61331,0,0,0,0,0,MEDIUM,MEDIUM,MEDIUM,5,COST_BASED,COST_BASED,false,false
1,baseline,1,2034,0,0,HYBRID_HEAT_PUMP,PRIVATELY_OWNED,83708,0,0,138094,61331,0,0,0,0,0,MEDIUM,MEDIUM,MEDIUM,5,COST_BASED,COST_BASED,false,false
1,baseline,1,2034,0,0,HYBRID_HEAT_PUMP,PRIVATELY_RENTED,21609,0,0,138094,61331,0,0,0,0,0,MEDIUM,MEDIUM,MEDIUM,5,COST_BASED,COST_BASED,false,false
1,baseline,1,2034,0,0,HYBRID_HEAT_PUMP,SOCIAL_HOUSING,21472,0,0,138094,61331,0,0,0,0,0,MEDIUM,MEDIUM,MEDIUM,5,COST_BASED,COST_BASED,false,false
1,baseline,1,2034,0,0,HYBRID_HEAT_PUMP,HOME_OWNER_ASSOCIATION,3073,0,0,138094,61331,0,0,0,0,0,MEDIUM,MEDIUM,MEDIUM,5,COST_BASED,COST_BASED,false,false
1,baseline,1,2034,0,0,HYBRID_HEAT_PUMP,TOTAL,129862,22129,876,138094,61331,0,0,0,0,0,MEDIUM,MEDIUM,MEDIUM,5,COST_BASED,COST_BASED,false,false
1,baseline,1,2034,0,0,ELECTRIC_HEAT_PUMP,PRIVATELY_OWNED,118076,0,0,136074,61331,0,0,0,0,0,MEDIUM,MEDIUM,MEDIUM,5,COST_BASED,COST_BASED,false,false
1,baseline,1,2034,0,0,ELECTRIC_HEAT_PUMP,PRIVATELY_RENTED,1341,0,0,136074,61331,0,0,0,0,0,MEDIUM,MEDIUM,MEDIUM,5,COST_BASED,COST_BASED,false,false
1,baseline,1,2034,0,0,ELECTRIC_HEAT_PUMP,SOCIAL_HOUSING,68,0,0,136074,61331,0,0,0,0,0,MEDIUM,MEDIUM,MEDIUM,5,COST_BASED,COST_BASED,false,false
1,baseline,1,2034,0,0,ELECTRIC_HEAT_PUMP,HOME_OWNER_ASSOCIATION,0,0,0,136074,61331,0,0,0,0,0,MEDIUM,MEDIUM,MEDIUM,5,COST_BASED,COST_BASED,false,false
1,baseline,1,2034,0,0,ELECTRIC_HEAT_PUMP,TOTAL,119485,14869,1601,136074,61331,0,0,0,0,0,MEDIUM,MEDIUM,MEDIUM,5,COST_BASED,COST_BASED,false,false
1,baseline,1,2034,0,0,DISTRICT_HEATING,PRIVATELY_OWNED,5245,0,0,11959,61331,0,0,0,0,0,MEDIUM,MEDIUM,MEDIUM,5,COST_BASED,COST_BASED,false,false
1,baseline,1,2034,0,0,DISTRICT_HEATING,PRIVATELY_RENTED,1688,0,0,11959,61331,0,0,0,0,0,MEDIUM,MEDIUM,MEDIUM,5,COST_BASED,COST_BASED,false,false
1,baseline,1,2034,0,0,DISTRICT_HEATING,SOCIAL_HOUSING,1506,0,0,11959,61331,0,0,0,0,0,MEDIUM,MEDIUM,MEDIUM,5,COST_BASED,COST_BASED,false,false
1,baseline,1,2034,0,0,DISTRICT_HEATING,HOME_OWNER_ASSOCIATION,0,0,0,11959,61331,0,0,0,0,0,MEDIUM,MEDIUM,MEDIUM,5,COST_BASED,COST_BASED,false,false
1,baseline,1,2034,0,0,DISTRICT_HEATING,TOTAL,8439,323,251,11959,61331,0,0,0,0,0,MEDIUM,MEDIUM,MEDIUM,5,COST_BASED,COST_BASED,false,false
1,baseline,1,2035,0,0,NATURAL_GAS_BOILER,PRIVATELY_OWNED,113660,0,0,733217,52416,0,0,0,0,0,MEDIUM,MEDIUM,MEDIUM,5,COST_BASED,COST_BASED,false,false
1,baseline,1,2035,0,0,NATURAL_GAS_BOILER,PRIVATELY_RENTED,42765,0,0,733217,52416,0,0,0,0,0,MEDIUM,MEDIUM,MEDIUM,5,COST_BASED,COST_BASED,false,false
1,baseline,1,2035,0,0,NATURAL_GAS_BOILER,SOCIAL_HOUSING,80503,0,0,733217,52416,0,0,0,0,0,MEDIUM,MEDIUM,MEDIUM,5,COST_BASED,COST_BASED,false,false
1,baseline,1,2035,0,0,NATURAL_GAS_BOILER,HOME_OWNER_ASSOCIATION,20234,0,0,733217,52416,0,0,0,0,0,MEDIUM,MEDIUM,MEDIUM,5,COST_BASED,COST_BASED,false,false
1,baseline,1,2035,0,0,NATURAL_GAS_BOILER,TOTAL,257162,12790,35397,733217,52416,0,0,0,0,0,MEDIUM,MEDIUM,MEDIUM,5,COST_BASED,COST_BASED,false,false
1,baseline,1,2035,0,0,NATURAL_GAS_BLOCK,PRIVATELY_OWNED,31,0,0,32785,52416,0,0,0,0,0,MEDIUM,MEDIUM,MEDIUM,5,COST_BASED,COST_BASED,false,false
1,baseline,1,2035,0,0,NATURAL_GAS_BLOCK,PRIVATELY_RENTED,2560,0,0,32785,52416,0,0,0,0,0,MEDIUM,MEDIUM,MEDIUM,5,COST_BASED,COST_BASED,false,false
1,baseline,1,2035,0,0,NATURAL_GAS_BLOCK,SOCIAL_HOUSING,491,0,0,32785,52416,0,0,0,0,0,MEDIUM,MEDIUM,MEDIUM,5,COST_BASED,COST_BASED,false,false
1,baseline,1,2035,0,0,NATURAL_GAS_BLOCK,HOME_OWNER_ASSOCIATION,1583,0,0,32785,52416,0,0,0,0,0,MEDIUM,MEDIUM,MEDIUM,5,COST_BASED,COST_BASED,false,false
1,baseline,1,2035,0,0,NATURAL_GAS_BLOCK,TOTAL,4665,186,3723,32785,52416,0,0,0,0,0,MEDIUM,MEDIUM,MEDIUM,5,COST_BASED,COST_BASED,false,false
1,baseline,1,2035,0,0,HYBRID_HEAT_PUMP,PRIVATELY_OWNED,93937,0,0,154347,52416,0,0,0,0,0,MEDIUM,MEDIUM,MEDIUM,5,COST_BASED,COST_BASED,false,false
1,baseline,1,2035,0,0,HYBRID_HEAT_PUMP,PRIVATELY_RENTED,24441,0,0,154347,52416,0,0,0,0,0,MEDIUM,MEDIUM,MEDIUM,5,COST_BASED,COST_BASED,false,false
1,baseline,1,2035,0,0,HYBRID_HEAT_PUMP,SOCIAL_HOUSING,23053,0,0,154347,52416,0,0,0,0,0,MEDIUM,MEDIUM,MEDIUM,5,COST_BASED,COST_BASED,false,false
1,baseline,1,2035,0,0,HYBRID_HEAT_PUMP,HOME_OWNER_ASSOCIATION,3740,0,0,154347,52416,0,0,0,0,0,MEDIUM,MEDIUM,MEDIUM,5,COST_BASED,COST_BASED,false,false
1,baseline,1,2035,0,0,HYBRID_HEAT_PUMP,TOTAL,145171,16253,944,154347,52416,0,0,0,0,0,MEDIUM,MEDIUM,MEDIUM,5,COST_BASED,COST_BASED,false,false
1,baseline,1,2035,0,0,ELECTRIC_HEAT_PUMP,PRIVATELY_OWNED,129435,0,0,148694,52416,0,0,0,0,0,MEDIUM,MEDIUM,MEDIUM,5,COST_BASED,COST_BASED,false,false
1,baseline,1,2035,0,0,ELECTRIC_HEAT_PUMP,PRIVATELY_RENTED,1081,0,0,148694,52416,0,0,0,0,0,MEDIUM,MEDIUM,MEDIUM,5,COST_BASED,COST_BASED,false,false
1,baseline,1,2035,0,0,ELECTRIC_HEAT_PUMP,SOCIAL_HOUSING,20,0,0,148694,52416,0,0,0,0,0,MEDIUM,MEDIUM,MEDIUM,5,COST_BASED,COST_BASED,false,false
1,baseline,1,2035,0,0,ELECTRIC_HEAT_PUMP,HOME_OWNER_ASSOCIATION,0,0,0,148694,52416,0,0,0,0,0,MEDIUM,MEDIUM,MEDIUM,5,COST_BASED,COST_BASED,false,false
1,baseline,1,2035,0,0,ELECTRIC_HEAT_PUMP,TOTAL,130536,12620,1569,148694,52416,0,0,0,0,0,MEDIUM,MEDIUM,MEDIUM,5,COST_BASED,COST_BASED,false,false
1,baseline,1,2035,0,0,DISTRICT_HEATING,PRIVATELY_OWNED,5377,0,0,12269,52416,0,0,0,0,0,MEDIUM,MEDIUM,MEDIUM,5,COST_BASED,COST_BASED,false,false
1,baseline,1,2035,0,0,DISTRICT_HEATING,PRIVATELY_RENTED,1617,0,0,12269,52416,0,0,0,0,0,MEDIUM,MEDIUM,MEDIUM,5,COST_BASED,COST_BASED,false,false
1,baseline,1,2035,0,0,DISTRICT_HEATING,SOCIAL_HOUSING,1229,0,0,12269,52416,0,0,0,0,0,MEDIUM,MEDIUM,MEDIUM,5,COST_BASED,COST_BASED,false,false
1,baseline,1,2035,0,0,DISTRICT_HEATING,HOME_OWNER_ASSOCIATION,0,0,0,12269,52416,0,0,0,0,0,MEDIUM,MEDIUM,MEDIUM,5,COST_BASED,COST_BASED,false,false
1,baseline,1,2035,0,0,DISTRICT_HEATING,TOTAL,8223,310,526,12269,52416,0,0,0,0,0,MEDIUM,MEDIUM,MEDIUM,5,COST_BASED,COST_BASED,false,false
1,baseline,1,2036,0,0,NATURAL_GAS_BOILER,PRIVATELY_OWNED,95329,0,0,743284,45937,0,0,0,0,0,MEDIUM,MEDIUM,MEDIUM,5,COST_BASED,COST_BASED,false,false
1,baseline,1,2036,0,0,NATURAL_GAS_BOILER,PRIVATELY_RENTED,40008,0,0,743284,45937,0,0,0,0,0,MEDIUM,MEDIUM,MEDIUM,5,COST_BASED,COST_BASED,false,false
1,baseline,1,2036,0,0,NATURAL_GAS_BOILER,SOCIAL_HOUSING,77810,0,0,743284,45937,0,0,0,0,0,MEDIUM,MEDIUM,MEDIUM,5,COST_BASED,COST_BASED,false,false
1,baseline,1,2036,0,0,NATURAL_GAS_BOILER,HOME_OWNER_ASSOCIATION,20886,0,0,743284,45937,0,0,0,0,0,MEDIUM,MEDIUM,MEDIUM,5,COST_BASED,COST_BASED,false,false
1,baseline,1,2036,0,0,NATURAL_GAS_BOILER,TOTAL,234033,10067,33196,743284,45937,0,0,0,0,0,MEDIUM,MEDIUM,MEDIUM,5,COST_BASED,COST_BASED,false,false
1,baseline,1,2036,0,0,NATURAL_GAS_BLOCK,PRIVATELY_OWNED,27,0,0,32987,45937,0,0,0,0,0,MEDIUM,MEDIUM,MEDIUM,5,COST_BASED,COST_BASED,false,false
1,baseline,1,2036,0,0,NATURAL_GAS_BLOCK,PRIVATELY_RENTED,2762,0,0,32987,45937,0,0,0,0,0,MEDIUM,MEDIUM,MEDIUM,5,COST_BASED,COST_BASED,false,false
1,baseline,1,2036,0,0,NATURAL_GAS_BLOCK,SOCIAL_HOUSING,0,0,0,32987,45937,0,0,0,0,0,MEDIUM,MEDIUM,MEDIUM,5,COST_BASED,COST_BASED,false,false
1,baseline,1,2036,0,0,NATURAL_GAS_BLOCK,HOME_OWNER_ASSOCIATION,304,0,0,32987,45937,0,0,0,0,0,MEDIUM,MEDIUM,MEDIUM,5,COST_BASED,COST_BASED,false,false
1,baseline,1,2036,0,0,NATURAL_GAS_BLOCK,TOTAL,3093,202,1774,32987,45937,0,0,0,0,0,MEDIUM,MEDIUM,MEDIUM,5,COST_BASED,COST_BASED,false,false
1,baseline,1,2036,0,0,HYBRID_HEAT_PUMP,PRIVATELY_OWNED,103789,0,0,171718,45937,0,0,0,0,0,MEDIUM,MEDIUM,MEDIUM,5,COST_BASED,COST_BASED,false,false
1,baseline,1,2036,0,0,HYBRID_HEAT_PUMP,PRIVATELY_RENTED,27373,0,0,171718,45937,0,0,0,0,0,MEDIUM,MEDIUM,MEDIUM,5,COST_BASED,COST_BASED,false,false
1,baseline,1,2036,0,0,HYBRID_HEAT_PUMP,SOCIAL_HOUSING,26237,0,0,171718,45937,0,0,0,0,0,MEDIUM,MEDIUM,MEDIUM,5,COST_BASED,COST_BASED,false,false
1,baseline,1,2036,0,0,HYBRID_HEAT_PUMP,HOME_OWNER_ASSOCIATION,4367,0,0,171718,45937,0,0,0,0,0,MEDIUM,MEDIUM,MEDIUM,5,COST_BASED,COST_BASED,false,false
1,baseline,1,2036,0,0,HYBRID_HEAT_PUMP,TOTAL,161766,17371,776,171718,45937,0,0,0,0,0,MEDIUM,MEDIUM,MEDIUM,5,COST_BASED,COST_BASED,false,false
1,baseline,1,2036,0,0,ELECTRIC_HEAT_PUMP,PRIVATELY_OWNED,137831,0,0,158390,45937,0,0,0,0,0,MEDIUM,MEDIUM,MEDIUM,5,COST_BASED,COST_BASED,false,false
1,baseline,1,2036,0,0,ELECTRIC_HEAT_PUMP,PRIVATELY_RENTED,815,0,0,158390,45937,0,0,0,0,0,MEDIUM,MEDIUM,MEDIUM,5,COST_BASED,COST_BASED,false,false
1,baseline,1,2036,0,0,ELECTRIC_HEAT_PUMP,SOCIAL_HOUSING,20,0,0,158390,45937,0,0,0,0,0,MEDIUM,MEDIUM,MEDIUM,5,COST_BASED,COST_BASED,false,false
1,baseline,1,2036,0,0,ELECTRIC_HEAT_PUMP,HOME_OWNER_ASSOCIATION,0,0,0,158390,45937,0,0,0,0,0,MEDIUM,MEDIUM,MEDIUM,5,COST_BASED,COST_BASED,false,false
1,baseline,1,2036,0,0,ELECTRIC_HEAT_PUMP,TOTAL,138666,9696,1566,158390,45937,0,0,0,0,0,MEDIUM,MEDIUM,MEDIUM,5,COST_BASED,COST_BASED,false,false
1,baseline,1,2036,0,0,DISTRICT_HEATING,PRIVATELY_OWNED,5464,0,0,12524,45937,0,0,0,0,0,MEDIUM,MEDIUM,MEDIUM,5,COST_BASED,COST_BASED,false,false
1,baseline,1,2036,0,0,DISTRICT_HEATING,PRIVATELY_RENTED,1506,0,0,12524,45937,0,0,0,0,0,MEDIUM,MEDIUM,MEDIUM,5,COST_BASED,COST_BASED,false,false
1,baseline,1,2036,0,0,DISTRICT_HEATING,SOCIAL_HOUSING,1229,0,0,12524,45937,0,0,0,0,0,MEDIUM,MEDIUM,MEDIUM,5,COST_BASED,COST_BASED,false,false
1,baseline,1,2036,0,0,DISTRICT_HEATING,HOME_OWNER_ASSOCIATION,0,0,0,12524,45937,0,0,0,0,0,MEDIUM,MEDIUM,MEDIUM,5,COST_BASED,COST_BASED,false,false
1,baseline,1,2036,0,0,DISTRICT_HEATING,TOTAL,8199,255,279,12524,45937,0,0,0,0,0,MEDIUM,MEDIUM,MEDIUM,5,COST_BASED,COST_BASED,false,false
1,baseline,1,2037,0,0,NATURAL_GAS_BOILER,PRIVATELY_OWNED,78915,0,0,748947,49057,0,0,0,0,0,MEDIUM,MEDIUM,MEDIUM,5,COST_BASED,COST_BASED,false,false
1,baseline,1,2037,0,0,NATURAL_GAS_BOILER,PRIVATELY_RENTED,38050,0,0,748947,49057,0,0,0,0,0,MEDIUM,MEDIUM,MEDIUM,5,COST_BASED,COST_BASED,false,false
1,baseline,1,2037,0,0,NATURAL_GAS_BOILER,SOCIAL_HOUSING,74511,0,0,748947,49057,0,0,0,0,0,MEDIUM,MEDIUM,MEDIUM,5,COST_BASED,COST_BASED,false,false
1,baseline,1,2037,0,0,NATURAL_GAS_BOILER,HOME_OWNER_ASSOCIATION,20045,0,0,748947,49057,0,0,0,0,0,MEDIUM,MEDIUM,MEDIUM,5,COST_BASED,COST_BASED,false,false
1,baseline,1,2037,0,0,NATURAL_GAS_BOILER,TOTAL,211521,5663,28175,748947,49057,0,0,0,0,0,MEDIUM,MEDIUM,MEDIUM,5,COST_BASED,COST_BASED,false,false
1,baseline,1,2037,0,0,NATURAL_GAS_BLOCK,PRIVATELY_OWNED,22,0,0,33177,49057,0,0,0,0,0,MEDIUM,MEDIUM,MEDIUM,5,COST_BASED,COST_BASED,false,false
1,baseline,1,2037,0,0,NATURAL_GAS_BLOCK,PRIVATELY_RENTED,2693,0,0,33177,49057,0,0,0,0,0,MEDIUM,MEDIUM,MEDIUM,5,COST_BASED,COST_BASED,false,false
1,baseline,1,2037,0,0,NATURAL_GAS_BLOCK,SOCIAL_HOUSING,0,0,0,33177,49057,0,0,0,0,0,MEDIUM,MEDIUM,MEDIUM,5,COST_BASED,COST_BASED,false,false
1,baseline,1,2037,0,0,NATURAL_GAS_BLOCK,HOME_OWNER_ASSOCIATION,304,0,0,33177,49057,0,0,0,0,0,MEDIUM,MEDIUM,MEDIUM,5,COST_BASED,COST_BASED,false,false
1,baseline,1,2037,0,0,NATURAL_GAS_BLOCK,TOTAL,3019,190,264,33177,49057,0,0,0,0,0,MEDIUM,MEDIUM,MEDIUM,5,COST_BASED,COST_BASED,false,false
1,baseline,1,2037,0,0,HYBRID_HEAT_PUMP,PRIVATELY_OWNED,112058,0,0,188669,49057,0,0,0,0,0,MEDIUM,MEDIUM,MEDIUM,5,COST_BASED,COST_BASED,false,false
1,baseline,1,2037,0,0,HYBRID_HEAT_PUMP,PRIVATELY_RENTED,29771,0,0,188669,49057,0,0,0,0,0,MEDIUM,MEDIUM,MEDIUM,5,COST_BASED,COST_BASED,false,false
1,baseline,1,2037,0,0,HYBRID_HEAT_PUMP,SOCIAL_HOUSING,29542,0,0,188669,49057,0,0,0,0,0,MEDIUM,MEDIUM,MEDIUM,5,COST_BASED,COST_BASED,false,false
1,baseline,1,2037,0,0,HYBRID_HEAT_PUMP,HOME_OWNER_ASSOCIATION,5137,0,0,188669,49057,0,0,0,0,0,MEDIUM,MEDIUM,MEDIUM,5,COST_BASED,COST_BASED,false,false
1,baseline,1,2037,0,0,HYBRID_HEAT_PUMP,TOTAL,176508,16951,2209,188669,49057,0,0,0,0,0,MEDIUM,MEDIUM,MEDIUM,5,COST_BASED,COST_BASED,false,false
1,baseline,1,2037,0,0,ELECTRIC_HEAT_PUMP,PRIVATELY_OWNED,145982,0,0,167944,49057,0,0,0,0,0,MEDIUM,MEDIUM,MEDIUM,5,COST_BASED,COST_BASED,false,false
1,baseline,1,2037,0,0,ELECTRIC_HEAT_PUMP,PRIVATELY_RENTED,568,0,0,167944,49057,0,0,0,0,0,MEDIUM,MEDIUM,MEDIUM,5,COST_BASED,COST_BASED,false,false
1,baseline,1,2037,0,0,ELECTRIC_HEAT_PUMP,SOCIAL_HOUSING,14,0,0,167944,49057,0,0,0,0,0,MEDIUM,MEDIUM,MEDIUM,5,COST_BASED,COST_BASED,false,false
1,baseline,1,2037,0,0,ELECTRIC_HEAT_PUMP,HOME_OWNER_ASSOCIATION,71,0,0,167944,49057,0,0,0,0,0,MEDIUM,MEDIUM,MEDIUM,5,COST_BASED,COST_BASED,false,false
1,baseline,1,2037,0,0,ELECTRIC_HEAT_PUMP,TOTAL,146635,9554,1585,167944,49057,0,0,0,0,0,MEDIUM,MEDIUM,MEDIUM,5,COST_BASED,COST_BASED,false,false
1,baseline,1,2037,0,0,DISTRICT_HEATING,PRIVATELY_OWNED,5463,0,0,12675,49057,0,0,0,0,0,MEDIUM,MEDIUM,MEDIUM,5,COST_BASED,COST_BASED,false,false
1,baseline,1,2037,0,0,DISTRICT_HEATING,PRIVATELY_RENTED,1382,0,0,12675,49057,0,0,0,0,0,MEDIUM,MEDIUM,MEDIUM,5,COST_BASED,COST_BASED,false,false
1,baseline,1,2037,0,0,DISTRICT_HEATING,SOCIAL_HOUSING,1229,0,0,12675,49057,0,0,0,0,0,MEDIUM,MEDIUM,MEDIUM,5,COST_BASED,COST_BASED,false,false
1,baseline,1,2037,0,0,DISTRICT_HEATING,HOME_OWNER_ASSOCIATION,0,0,0,12675,49057,0,0,0,0,0,MEDIUM,MEDIUM,MEDIUM,5,COST_BASED,COST_BASED,false,false
1,baseline,1,2037,0,0,DISTRICT_HEATING,TOTAL,8074,151,276,12675,49057,0,0,0,0,0,MEDIUM,MEDIUM,MEDIUM,5,COST_BASED,COST_BASED,false,false
1,baseline,1,2038,0,0,NATURAL_GAS_BOILER,PRIVATELY_OWNED,63950,0,0,755573,62211,0,0,0,0,0,MEDIUM,MEDIUM,MEDIUM,5,COST_BASED,COST_BASED,false,false
1,baseline,1,2038,0,0,NATURAL_GAS_BOILER,PRIVATELY_RENTED,36285,0,0,755573,62211,0,0,0,0,0,MEDIUM,MEDIUM,MEDIUM,5,COST_BASED,COST_BASED,false,false
1,baseline,1,2038,0,0,NATURAL_GAS_BOILER,SOCIAL_HOUSING,68030,0,0,755573,62211,0,0,0,0,0,MEDIUM,MEDIUM,MEDIUM,5,COST_BASED,COST_BASED,false,false
1,baseline,1,2038,0,0,NATURAL_GAS_BOILER,HOME_OWNER_ASSOCIATION,18942,0,0,755573,62211,0,0,0,0,0,MEDIUM,MEDIUM,MEDIUM,5,COST_BASED,COST_BASED,false,false
1,baseline,1,2038,0,0,NATURAL_GAS_BOILER,TOTAL,187207,6626,30940,755573,62211,0,0,0,0,0,MEDIUM,MEDIUM,MEDIUM,5,COST_BASED,COST_BASED,false,false
1,baseline,1,2038,0,0,NATURAL_GAS_BLOCK,PRIVATELY_OWNED,21,0,0,33378,62211,0,0,0,0,0,MEDIUM,MEDIUM,MEDIUM,5,COST_BASED,COST_BASED,false,false
1,baseline,1,2038,0,0,NATURAL_GAS_BLOCK,PRIVATELY_RENTED,2625,0,0,33378,62211,0,0,0,0,0,MEDIUM,MEDIUM,MEDIUM,5,COST_BASED,COST_BASED,false,false
1,baseline,1,2038,0,0,NATURAL_GAS_BLOCK,SOCIAL_HOUSING,0,0,0,33378,62211,0,0,0,0,0,MEDIUM,MEDIUM,MEDIUM,5,COST_BASED,COST_BASED,false,false
1,baseline,1,2038,0,0,NATURAL_GAS_BLOCK,HOME_OWNER_ASSOCIATION,307,0,0,33378,62211,0,0,0,0,0,MEDIUM,MEDIUM,MEDIUM,5,COST_BASED,COST_BASED,false,false
1,baseline,1,2038,0,0,NATURAL_GAS_BLOCK,TOTAL,2953,201,267,33378,62211,0,0,0,0,0,MEDIUM,MEDIUM,MEDIUM,5,COST_BASED,COST_BASED,false,false
1,baseline,1,2038,0,0,HYBRID_HEAT_PUMP,PRIVATELY_OWNED,119059,0,0,207900,62211,0,0,0,0,0,MEDIUM,MEDIUM,MEDIUM,5,COST_BASED,COST_BASED,false,false
1,baseline,1,2038,0,0,HYBRID_HEAT_PUMP,PRIVATELY_RENTED,31944,0,0,207900,62211,0,0,0,0,0,MEDIUM,MEDIUM,MEDIUM,5,COST_BASED,COST_BASED,false,false
1,baseline,1,2038,0,0,HYBRID_HEAT_PUMP,SOCIAL_HOUSING,36037,0,0,207900,62211,0,0,0,0,0,MEDIUM,MEDIUM,MEDIUM,5,COST_BASED,COST_BASED,false,false
1,baseline,1,2038,0,0,HYBRID_HEAT_PUMP,HOME_OWNER_ASSOCIATION,6218,0,0,207900,62211,0,0,0,0,0,MEDIUM,MEDIUM,MEDIUM,5,COST_BASED,COST_BASED,false,false
1,baseline,1,2038,0,0,HYBRID_HEAT_PUMP,TOTAL,193258,19231,2481,207900,62211,0,0,0,0,0,MEDIUM,MEDIUM,MEDIUM,5,COST_BASED,COST_BASED,false,false
1,baseline,1,2038,0,0,ELECTRIC_HEAT_PUMP,PRIVATELY_OWNED,153962,0,0,177187,62211,0,0,0,0,0,MEDIUM,MEDIUM,MEDIUM,5,COST_BASED,COST_BASED,false,false
1,baseline,1,2038,0,0,ELECTRIC_HEAT_PUMP,PRIVATELY_RENTED,326,0,0,177187,62211,0,0,0,0,0,MEDIUM,MEDIUM,MEDIUM,5,COST_BASED,COST_BASED,false,false
1,baseline,1,2038,0,0,ELECTRIC_HEAT_PUMP,SOCIAL_HOUSING,0,0,0,177187,62211,0,0,0,0,0,MEDIUM,MEDIUM,MEDIUM,5,COST_BASED,COST_BASED,false,false
1,baseline,1,2038,0,0,ELECTRIC_HEAT_PUMP,HOME_OWNER_ASSOCIATION,90,0,0,177187,62211,0,0,0,0,0,MEDIUM,MEDIUM,MEDIUM,5,COST_BASED,COST_BASED,false,false
1,baseline,1,2038,0,0,ELECTRIC_HEAT_PUMP,TOTAL,154378,9243,1500,177187,62211,0,0,0,0,0,MEDIUM,MEDIUM,MEDIUM,5,COST_BASED,COST_BASED,false,false
1,baseline,1,2038,0,0,DISTRICT_HEATING,PRIVATELY_OWNED,5448,0,0,12803,62211,0,0,0,0,0,MEDIUM,MEDIUM,MEDIUM,5,COST_BASED,COST_BASED,false,false
1,baseline,1,2038,0,0,DISTRICT_HEATING,PRIVATELY_RENTED,1284,0,0,12803,62211,0,0,0,0,0,MEDIUM,MEDIUM,MEDIUM,5,COST_BASED,COST_BASED,false,false
1,baseline,1,2038,0,0,DISTRICT_HEATING,SOCIAL_HOUSING,1229,0,0,12803,62211,0,0,0,0,0,MEDIUM,MEDIUM,MEDIUM,5,COST_BASED,COST_BASED,false,false
1,baseline,1,2038,0,0,DISTRICT_HEATING,HOME_OWNER_ASSOCIATION,0,0,0,12803,62211,0,0,0,0,0,MEDIUM,MEDIUM,MEDIUM,5,COST_BASED,COST_BASED,false,false
1,baseline,1,2038,0,0,DISTRICT_HEATING,TOTAL,7961,128,241,12803,62211,0,0,0,0,0,MEDIUM,MEDIUM,MEDIUM,5,COST_BASED,COST_BASED,false,false
1,baseline,1,2039,0,0,NATURAL_GAS_BOILER,PRIVATELY_OWNED,50410,0,0,762779,71487,0,0,0,0,0,MEDIUM,MEDIUM,MEDIUM,5,COST_BASED,COST_BASED,false,false
1,baseline,1,2039,0,0,NATURAL_GAS_BOILER,PRIVATELY_RENTED,34637,0,0,762779,71487,0,0,0,0,0,MEDIUM,MEDIUM,MEDIUM,5,COST_BASED,COST_BASED,false,false
1,baseline,1,2039,0,0,NATURAL_GAS_BOILER,SOCIAL_HOUSING,61174,0,0,762779,71487,0,0,0,0,0,MEDIUM,MEDIUM,MEDIUM,5,COST_BASED,COST_BASED,false,false
1,baseline,1,2039,0,0,NATURAL_GAS_BOILER,HOME_OWNER_ASSOCIATION,17547,0,0,762779,71487,0,0,0,0,0,MEDIUM,MEDIUM,MEDIUM,5,COST_BASED,COST_BASED,false,false
1,baseline,1,2039,0,0,NATURAL_GAS_BOILER,TOTAL,163768,7206,30645,762779,71487,0,0,0,0,0,MEDIUM,MEDIUM,MEDIUM,5,COST_BASED,COST_BASED,false,false
1,baseline,1,2039,0,0,NATURAL_GAS_BLOCK,PRIVATELY_OWNED,17,0,0,33561,71487,0,0,0,0,0,MEDIUM,MEDIUM,MEDIUM,5,COST_BASED,COST_BASED,false,false
1,baseline,1,2039,0,0,NATURAL_GAS_BLOCK,PRIVATELY_RENTED,2581,0,0,33561,71487,0,0,0,0,0,MEDIUM,MEDIUM,MEDIUM,5,COST_BASED,COST_BASED,false,false
1,baseline,1,2039,0,0,NATURAL_GAS_BLOCK,SOCIAL_HOUSING,0,0,0,33561,71487,0,0,0,0,0,MEDIUM,MEDIUM,MEDIUM,5,COST_BASED,COST_BASED,false,false
1,baseline,1,2039,0,0,NATURAL_GAS_BLOCK,HOME_OWNER_ASSOCIATION,8,0,0,33561,71487,0,0,0,0,0,MEDIUM,MEDIUM,MEDIUM,5,COST_BASED,COST_BASED,false,false
1,baseline,1,2039,0,0,NATURAL_GAS_BLOCK,TOTAL,2606,183,530,33561,71487,0,0,0,0,0,MEDIUM,MEDIUM,MEDIUM,5,COST_BASED,COST_BASED,false,false
1,baseline,1,2039,0,0,HYBRID_HEAT_PUMP,PRIVATELY_OWNED,126160,0,0,227433,71487,0,0,0,0,0,MEDIUM,MEDIUM,MEDIUM,5,COST_BASED,COST_BASED,false,false
1,baseline,1,2039,0,0,HYBRID_HEAT_PUMP,PRIVATELY_RENTED,33934,0,0,227433,71487,0,0,0,0,0,MEDIUM,MEDIUM,MEDIUM,5,COST_BASED,COST_BASED,false,false
1,baseline,1,2039,0,0,HYBRID_HEAT_PUMP,SOCIAL_HOUSING,42893,0,0,227433,71487,0,0,0,0,0,MEDIUM,MEDIUM,MEDIUM,5,COST_BASED,COST_BASED,false,false
1,baseline,1,2039,0,0,HYBRID_HEAT_PUMP,HOME_OWNER_ASSOCIATION,7912,0,0,227433,71487,0,0,0,0,0,MEDIUM,MEDIUM,MEDIUM,5,COST_BASED,COST_BASED,false,false
1,baseline,1,2039,0,0,HYBRID_HEAT_PUMP,TOTAL,210899,19533,1892,227433,71487,0,0,0,0,0,MEDIUM,MEDIUM,MEDIUM,5,COST_BASED,COST_BASED,false,false
1,baseline,1,2039,0,0,ELECTRIC_HEAT_PUMP,PRIVATELY_OWNED,160435,0,0,184729,71487,0,0,0,0,0,MEDIUM,MEDIUM,MEDIUM,5,COST_BASED,COST_BASED,false,false
1,baseline,1,2039,0,0,ELECTRIC_HEAT_PUMP,PRIVATELY_RENTED,126,0,0,184729,71487,0,0,0,0,0,MEDIUM,MEDIUM,MEDIUM,5,COST_BASED,COST_BASED,false,false
1,baseline,1,2039,0,0,ELECTRIC_HEAT_PUMP,SOCIAL_HOUSING,0,0,0,184729,71487,0,0,0,0,0,MEDIUM,MEDIUM,MEDIUM,5,COST_BASED,COST_BASED,false,false
1,baseline,1,2039,0,0,ELECTRIC_HEAT_PUMP,HOME_OWNER_ASSOCIATION,90,0,0,184729,71487,0,0,0,0,0,MEDIUM,MEDIUM,MEDIUM,5,COST_BASED,COST_BASED,false,false
1,baseline,1,2039,0,0,ELECTRIC_HEAT_PUMP,TOTAL,160651,7542,1269,184729,71487,0,0,0,0,0,MEDIUM,MEDIUM,MEDIUM,5,COST_BASED,COST_BASED,false,false
1,baseline,1,2039,0,0,DISTRICT_HEATING,PRIVATELY_OWNED,5418,0,0,12904,71487,0,0,0,0,0,MEDIUM,MEDIUM,MEDIUM,5,COST_BASED,COST_BASED,false,false
1,baseline,1,2039,0,0,DISTRICT_HEATING,PRIVATELY_RENTED,1186,0,0,12904,71487,0,0,0,0,0,MEDIUM,MEDIUM,MEDIUM,5,COST_BASED,COST_BASED,false,false
1,baseline,1,2039,0,0,DISTRICT_HEATING,SOCIAL_HOUSING,1229,0,0,12904,71487,0,0,0,0,0,MEDIUM,MEDIUM,MEDIUM,5,COST_BASED,COST_BASED,false,false
1,baseline,1,2039,0,0,DISTRICT_HEATING,HOME_OWNER_ASSOCIATION,0,0,0,12904,71487,0,0,0,0,0,MEDIUM,MEDIUM,MEDIUM,5,COST_BASED,COST_BASED,false,false
1,baseline,1,2039,0,0,DISTRICT_HEATING,TOTAL,7833,101,229,12904,71487,0,0,0,0,0,MEDIUM,MEDIUM,MEDIUM,5,COST_BASED,COST_BASED,false,false
1,baseline,1,2040,0,0,NATURAL_GAS_BOILER,PRIVATELY_OWNED,38409,0,0,768322,75300,0,0,0,0,0,MEDIUM,MEDIUM,MEDIUM,5,COST_BASED,COST_BASED,false,false
1,baseline,1,2040,0,0,NATURAL_GAS_BOILER,PRIVATELY_RENTED,33059,0,0,768322,75300,0,0,0,0,0,MEDIUM,MEDIUM,MEDIUM,5,COST_BASED,COST_BASED,false,false
1,baseline,1,2040,0,0,NATURAL_GAS_BOILER,SOCIAL_HOUSING,56840,0,0,768322,75300,0,0,0,0,0,MEDIUM,MEDIUM,MEDIUM,5,COST_BASED,COST_BASED,false,false
1,baseline,1,2040,0,0,NATURAL_GAS_BOILER,HOME_OWNER_ASSOCIATION,16622,0,0,768322,75300,0,0,0,0,0,MEDIUM,MEDIUM,MEDIUM,5,COST_BASED,COST_BASED,false,false
1,baseline,1,2040,0,0,NATURAL_GAS_BOILER,TOTAL,144930,5543,24381,768322,75300,0,0,0,0,0,MEDIUM,MEDIUM,MEDIUM,5,COST_BASED,COST_BASED,false,false
1,baseline,1,2040,0,0,NATURAL_GAS_BLOCK,PRIVATELY_OWNED,16,0,0,33763,75300,0,0,0,0,0,MEDIUM,MEDIUM,MEDIUM,5,COST_BASED,COST_BASED,false,false
1,baseline,1,2040,0,0,NATURAL_GAS_BLOCK,PRIVATELY_RENTED,2544,0,0,33763,75300,0,0,0,0,0,MEDIUM,MEDIUM,MEDIUM,5,COST_BASED,COST_BASED,false,false
1,baseline,1,2040,0,0,NATURAL_GAS_BLOCK,SOCIAL_HOUSING,0,0,0,33763,75300,0,0,0,0,0,MEDIUM,MEDIUM,MEDIUM,5,COST_BASED,COST_BASED,false,false
1,baseline,1,2040,0,0,NATURAL_GAS_BLOCK,HOME_OWNER_ASSOCIATION,8,0,0,33763,75300,0,0,0,0,0,MEDIUM,MEDIUM,MEDIUM,5,COST_BASED,COST_BASED,false,false
1,baseline,1,2040,0,0,NATURAL_GAS_BLOCK,TOTAL,2568,202,240,33763,75300,0,0,0,0,0,MEDIUM,MEDIUM,MEDIUM,5,COST_BASED,COST_BASED,false,false
1,baseline,1,2040,0,0,HYBRID_HEAT_PUMP,PRIVATELY_OWNED,132424,0,0,246410,75300,0,0,0,0,0,MEDIUM,MEDIUM,MEDIUM,5,COST_BASED,COST_BASED,false,false
1,baseline,1,2040,0,0,HYBRID_HEAT_PUMP,PRIVATELY_RENTED,35571,0,0,246410,75300,0,0,0,0,0,MEDIUM,MEDIUM,MEDIUM,5,COST_BASED,COST_BASED,false,false
1,baseline,1,2040,0,0,HYBRID_HEAT_PUMP,SOCIAL_HOUSING,47227,0,0,246410,75300,0,0,0,0,0,MEDIUM,MEDIUM,MEDIUM,5,COST_BASED,COST_BASED,false,false
1,baseline,1,2040,0,0,HYBRID_HEAT_PUMP,HOME_OWNER_ASSOCIATION,8837,0,0,246410,75300,0,0,0,0,0,MEDIUM,MEDIUM,MEDIUM,5,COST_BASED,COST_BASED,false,false
1,baseline,1,2040,0,0,HYBRID_HEAT_PUMP,TOTAL,224059,18977,5817,246410,75300,0,0,0,0,0,MEDIUM,MEDIUM,MEDIUM,5,COST_BASED,COST_BASED,false,false
1,baseline,1,2040,0,0,ELECTRIC_HEAT_PUMP,PRIVATELY_OWNED,166174,0,0,198132,75300,0,0,0,0,0,MEDIUM,MEDIUM,MEDIUM,5,COST_BASED,COST_BASED,false,false
1,baseline,1,2040,0,0,ELECTRIC_HEAT_PUMP,PRIVATELY_RENTED,151,0,0,198132,75300,0,0,0,0,0,MEDIUM,MEDIUM,MEDIUM,5,COST_BASED,COST_BASED,false,false
1,baseline,1,2040,0,0,ELECTRIC_HEAT_PUMP,SOCIAL_HOUSING,0,0,0,198132,75300,0,0,0,0,0,MEDIUM,MEDIUM,MEDIUM,5,COST_BASED,COST_BASED,false,false
1,baseline,1,2040,0,0,ELECTRIC_HEAT_PUMP,HOME_OWNER_ASSOCIATION,90,0,0,198132,75300,0,0,0,0,0,MEDIUM,MEDIUM,MEDIUM,5,COST_BASED,COST_BASED,false,false
1,baseline,1,2040,0,0,ELECTRIC_HEAT_PUMP,TOTAL,166415,13403,7639,198132,75300,0,0,0,0,0,MEDIUM,MEDIUM,MEDIUM,5,COST_BASED,COST_BASED,false,false
1,baseline,1,2040,0,0,DISTRICT_HEATING,PRIVATELY_OWNED,5417,0,0,13012,75300,0,0,0,0,0,MEDIUM,MEDIUM,MEDIUM,5,COST_BASED,COST_BASED,false,false
1,baseline,1,2040,0,0,DISTRICT_HEATING,PRIVATELY_RENTED,1139,0,0,13012,75300,0,0,0,0,0,MEDIUM,MEDIUM,MEDIUM,5,COST_BASED,COST_BASED,false,false
1,baseline,1,2040,0,0,DISTRICT_HEATING,SOCIAL_HOUSING,1229,0,0,13012,75300,0,0,0,0,0,MEDIUM,MEDIUM,MEDIUM,5,COST_BASED,COST_BASED,false,false
1,baseline,1,2040,0,0,DISTRICT_HEATING,HOME_OWNER_ASSOCIATION,0,0,0,13012,75300,0,0,0,0,0,MEDIUM,MEDIUM,MEDIUM,5,COST_BASED,COST_BASED,false,false
1,baseline,1,2040,0,0,DISTRICT_HEATING,TOTAL,7785,108,156,13012,75300,0,0,0,0,0,MEDIUM,MEDIUM,MEDIUM,5,COST_BASED,COST_BASED,false,false
1,baseline,1,2041,0,0,NATURAL_GAS_BOILER,PRIVATELY_OWNED,28498,0,0,773155,81868,0,0,0,0,0,MEDIUM,MEDIUM,MEDIUM,5,COST_BASED,COST_BASED,false,false
1,baseline,1,2041,0,0,NATURAL_GAS_BOILER,PRIVATELY_RENTED,31572,0,0,773155,81868,0,0,0,0,0,MEDIUM,MEDIUM,MEDIUM,5,COST_BASED,COST_BASED,false,false
1,baseline,1,2041,0,0,NATURAL_GAS_BOILER,SOCIAL_HOUSING,49039,0,0,773155,81868,0,0,0,0,0,MEDIUM,MEDIUM,MEDIUM,5,COST_BASED,COST_BASED,false,false
1,baseline,1,2041,0,0,NATURAL_GAS_BOILER,HOME_OWNER_ASSOCIATION,16433,0,0,773155,81868,0,0,0,0,0,MEDIUM,MEDIUM,MEDIUM,5,COST_BASED,COST_BASED,false,false
1,baseline,1,2041,0,0,NATURAL_GAS_BOILER,TOTAL,125542,4833,24221,773155,81868,0,0,0,0,0,MEDIUM,MEDIUM,MEDIUM,5,COST_BASED,COST_BASED,false,false
1,baseline,1,2041,0,0,NATURAL_GAS_BLOCK,PRIVATELY_OWNED,13,0,0,33945,81868,0,0,0,0,0,MEDIUM,MEDIUM,MEDIUM,5,COST_BASED,COST_BASED,false,false
1,baseline,1,2041,0,0,NATURAL_GAS_BLOCK,PRIVATELY_RENTED,2481,0,0,33945,81868,0,0,0,0,0,MEDIUM,MEDIUM,MEDIUM,5,COST_BASED,COST_BASED,false,false
1,baseline,1,2041,0,0,NATURAL_GAS_BLOCK,SOCIAL_HOUSING,0,0,0,33945,81868,0,0,0,0,0,MEDIUM,MEDIUM,MEDIUM,5,COST_BASED,COST_BASED,false,false
1,baseline,1,2041,0,0,NATURAL_GAS_BLOCK,HOME_OWNER_ASSOCIATION,3,0,0,33945,81868,0,0,0,0,0,MEDIUM,MEDIUM,MEDIUM,5,COST_BASED,COST_BASED,false,false
1,baseline,1,2041,0,0,NATURAL_GAS_BLOCK,TOTAL,2497,182,253,33945,81868,0,0,0,0,0,MEDIUM,MEDIUM,MEDIUM,5,COST_BASED,COST_BASED,false,false
1,baseline,1,2041,0,0,HYBRID_HEAT_PUMP,PRIVATELY_OWNED,137600,0,0,268639,81868,0,0,0,0,0,MEDIUM,MEDIUM,MEDIUM,5,COST_BASED,COST_BASED,false,false
1,baseline,1,2041,0,0,HYBRID_HEAT_PUMP,PRIVATELY_RENTED,37152,0,0,268639,81868,0,0,0,0,0,MEDIUM,MEDIUM,MEDIUM,5,COST_BASED,COST_BASED,false,false
1,baseline,1,2041,0,0,HYBRID_HEAT_PUMP,SOCIAL_HOUSING,55028,0,0,268639,81868,0,0,0,0,0,MEDIUM,MEDIUM,MEDIUM,5,COST_BASED,COST_BASED,false,false
1,baseline,1,2041,0,0,HYBRID_HEAT_PUMP,HOME_OWNER_ASSOCIATION,9031,0,0,268639,81868,0,0,0,0,0,MEDIUM,MEDIUM,MEDIUM,5,COST_BASED,COST_BASED,false,false
1,baseline,1,2041,0,0,HYBRID_HEAT_PUMP,TOTAL,238811,22229,7477,268639,81868,0,0,0,0,0,MEDIUM,MEDIUM,MEDIUM,5,COST_BASED,COST_BASED,false,false
1,baseline,1,2041,0,0,ELECTRIC_HEAT_PUMP,PRIVATELY_OWNED,170962,0,0,211755,81868,0,0,0,0,0,MEDIUM,MEDIUM,MEDIUM,5,COST_BASED,COST_BASED,false,false
1,baseline,1,2041,0,0,ELECTRIC_HEAT_PUMP,PRIVATELY_RENTED,189,0,0,211755,81868,0,0,0,0,0,MEDIUM,MEDIUM,MEDIUM,5,COST_BASED,COST_BASED,false,false
1,baseline,1,2041,0,0,ELECTRIC_HEAT_PUMP,SOCIAL_HOUSING,0,0,0,211755,81868,0,0,0,0,0,MEDIUM,MEDIUM,MEDIUM,5,COST_BASED,COST_BASED,false,false
1,baseline,1,2041,0,0,ELECTRIC_HEAT_PUMP,HOME_OWNER_ASSOCIATION,90,0,0,211755,81868,0,0,0,0,0,MEDIUM,MEDIUM,MEDIUM,5,COST_BASED,COST_BASED,false,false
1,baseline,1,2041,0,0,ELECTRIC_HEAT_PUMP,TOTAL,171241,13623,8797,211755,81868,0,0,0,0,0,MEDIUM,MEDIUM,MEDIUM,5,COST_BASED,COST_BASED,false,false
1,baseline,1,2041,0,0,DISTRICT_HEATING,PRIVATELY_OWNED,5367,0,0,13081,81868,0,0,0,0,0,MEDIUM,MEDIUM,MEDIUM,5,COST_BASED,COST_BASED,false,false
1,baseline,1,2041,0,0,DISTRICT_HEATING,PRIVATELY_RENTED,1070,0,0,13081,81868,0,0,0,0,0,MEDIUM,MEDIUM,MEDIUM,5,COST_BASED,COST_BASED,false,false
1,baseline,1,2041,0,0,DISTRICT_HEATING,SOCIAL_HOUSING,1229,0,0,13081,81868,0,0,0,0,0,MEDIUM,MEDIUM,MEDIUM,5,COST_BASED,COST_BASED,false,false
1,baseline,1,2041,0,0,DISTRICT_HEATING,HOME_OWNER_ASSOCIATION,0,0,0,13081,81868,0,0,0,0,0,MEDIUM,MEDIUM,MEDIUM,5,COST_BASED,COST_BASED,false,false
1,baseline,1,2041,0,0,DISTRICT_HEATING,TOTAL,7666,69,188,13081,81868,0,0,0,0,0,MEDIUM,MEDIUM,MEDIUM,5,COST_BASED,COST_BASED,false,false
1,baseline,1,2042,0,0,NATURAL_GAS_BOILER,PRIVATELY_OWNED,21319,0,0,778571,82708,0,0,0,0,0,MEDIUM,MEDIUM,MEDIUM,5,COST_BASED,COST_BASED,false,false
1,baseline,1,2042,0,0,NATURAL_GAS_BOILER,PRIVATELY_RENTED,30231,0,0,778571,82708,0,0,0,0,0,MEDIUM,MEDIUM,MEDIUM,5,COST_BASED,COST_BASED,false,false
1,baseline,1,2042,0,0,NATURAL_GAS_BOILER,SOCIAL_HOUSING,44950,0,0,778571,82708,0,0,0,0,0,MEDIUM,MEDIUM,MEDIUM,5,COST_BASED,COST_BASED,false,false
1,baseline,1,2042,0,0,NATURAL_GAS_BOILER,HOME_OWNER_ASSOCIATION,13976,0,0,778571,82708,0,0,0,0,0,MEDIUM,MEDIUM,MEDIUM,5,COST_BASED,COST_BASED,false,false
1,baseline,1,2042,0,0,NATURAL_GAS_BOILER,TOTAL,110476,5416,20482,778571,82708,0,0,0,0,0,MEDIUM,MEDIUM,MEDIUM,5,COST_BASED,COST_BASED,false,false
1,baseline,1,2042,0,0,NATURAL_GAS_BLOCK,PRIVATELY_OWNED,10,0,0,34090,82708,0,0,0,0,0,MEDIUM,MEDIUM,MEDIUM,5,COST_BASED,COST_BASED,false,false
1,baseline,1,2042,0,0,NATURAL_GAS_BLOCK,PRIVATELY_RENTED,2421,0,0,34090,82708,0,0,0,0,0,MEDIUM,MEDIUM,MEDIUM,5,COST_BASED,COST_BASED,false,false
1,baseline,1,2042,0,0,NATURAL_GAS_BLOCK,SOCIAL_HOUSING,0,0,0,34090,82708,0,0,0,0,0,MEDIUM,MEDIUM,MEDIUM,5,COST_BASED,COST_BASED,false,false
1,baseline,1,2042,0,0,NATURAL_GAS_BLOCK,HOME_OWNER_ASSOCIATION,6,0,0,34090,82708,0,0,0,0,0,MEDIUM,MEDIUM,MEDIUM,5,COST_BASED,COST_BASED,false,false
1,baseline,1,2042,0,0,NATURAL_GAS_BLOCK,TOTAL,2437,145,205,34090,82708,0,0,0,0,0,MEDIUM,MEDIUM,MEDIUM,5,COST_BASED,COST_BASED,false,false
1,baseline,1,2042,0,0,HYBRID_HEAT_PUMP,PRIVATELY_OWNED,140617,0,0,288514,82708,0,0,0,0,0,MEDIUM,MEDIUM,MEDIUM,5,COST_BASED,COST_BASED,false,false
1,baseline,1,2042,0,0,HYBRID_HEAT_PUMP,PRIVATELY_RENTED,38572,0,0,288514,82708,0,0,0,0,0,MEDIUM,MEDIUM,MEDIUM,5,COST_BASED,COST_BASED,false,false
1,baseline,1,2042,0,0,HYBRID_HEAT_PUMP,SOCIAL_HOUSING,59701,0,0,288514,82708,0,0,0,0,0,MEDIUM,MEDIUM,MEDIUM,5,COST_BASED,COST_BASED,false,false
1,baseline,1,2042,0,0,HYBRID_HEAT_PUMP,HOME_OWNER_ASSOCIATION,11485,0,0,288514,82708,0,0,0,0,0,MEDIUM,MEDIUM,MEDIUM,5,COST_BASED,COST_BASED,false,false
1,baseline,1,2042,0,0,HYBRID_HEAT_PUMP,TOTAL,250375,19875,8311,288514,82708,0,0,0,0,0,MEDIUM,MEDIUM,MEDIUM,5,COST_BASED,COST_BASED,false,false
1,baseline,1,2042,0,0,ELECTRIC_HEAT_PUMP,PRIVATELY_OWNED,175146,0,0,225079,82708,0,0,0,0,0,MEDIUM,MEDIUM,MEDIUM,5,COST_BASED,COST_BASED,false,false
1,baseline,1,2042,0,0,ELECTRIC_HEAT_PUMP,PRIVATELY_RENTED,230,0,0,225079,82708,0,0,0,0,0,MEDIUM,MEDIUM,MEDIUM,5,COST_BASED,COST_BASED,false,false
1,baseline,1,2042,0,0,ELECTRIC_HEAT_PUMP,SOCIAL_HOUSING,0,0,0,225079,82708,0,0,0,0,0,MEDIUM,MEDIUM,MEDIUM,5,COST_BASED,COST_BASED,false,false
1,baseline,1,2042,0,0,ELECTRIC_HEAT_PUMP,HOME_OWNER_ASSOCIATION,90,0,0,225079,82708,0,0,0,0,0,MEDIUM,MEDIUM,MEDIUM,5,COST_BASED,COST_BASED,false,false
1,baseline,1,2042,0,0,ELECTRIC_HEAT_PUMP,TOTAL,175466,13324,9099,225079,82708,0,0,0,0,0,MEDIUM,MEDIUM,MEDIUM,5,COST_BASED,COST_BASED,false,false
1,baseline,1,2042,0,0,DISTRICT_HEATING,PRIVATELY_OWNED,5348,0,0,13160,82708,0,0,0,0,0,MEDIUM,MEDIUM,MEDIUM,5,COST_BASED,COST_BASED,false,false
1,baseline,1,2042,0,0,DISTRICT_HEATING,PRIVATELY_RENTED,1010,0,0,13160,82708,0,0,0,0,0,MEDIUM,MEDIUM,MEDIUM,5,COST_BASED,COST_BASED,false,false
1,baseline,1,2042,0,0,DISTRICT_HEATING,SOCIAL_HOUSING,645,0,0,13160,82708,0,0,0,0,0,MEDIUM,MEDIUM,MEDIUM,5,COST_BASED,COST_BASED,false,false
1,baseline,1,2042,0,0,DISTRICT_HEATING,HOME_OWNER_ASSOCIATION,0,0,0,13160,82708,0,0,0,0,0,MEDIUM,MEDIUM,MEDIUM,5,COST_BASED,COST_BASED,false,false
1,baseline,1,2042,0,0,DISTRICT_HEATING,TOTAL,7003,79,742,13160,82708,0,0,0,0,0,MEDIUM,MEDIUM,MEDIUM,5,COST_BASED,COST_BASED,false,false
1,baseline,1,2043,0,0,NATURAL_GAS_BOILER,PRIVATELY_OWNED,16412,0,0,783527,87249,0,0,0,0,0,MEDIUM,MEDIUM,MEDIUM,5,COST_BASED,COST_BASED,false,false
1,baseline,1,2043,0,0,NATURAL_GAS_BOILER,PRIVATELY_RENTED,28924,0,0,783527,87249,0,0,0,0,0,MEDIUM,MEDIUM,MEDIUM,5,COST_BASED,COST_BASED,false,false
1,baseline,1,2043,0,0,NATURAL_GAS_BOILER,SOCIAL_HOUSING,40546,0,0,783527,87249,0,0,0,0,0,MEDIUM,MEDIUM,MEDIUM,5,COST_BASED,COST_BASED,false,false
1,baseline,1,2043,0,0,NATURAL_GAS_BOILER,HOME_OWNER_ASSOCIATION,12613,0,0,783527,87249,0,0,0,0,0,MEDIUM,MEDIUM,MEDIUM,5,COST_BASED,COST_BASED,false,false
1,baseline,1,2043,0,0,NATURAL_GAS_BOILER,TOTAL,98495,4956,16937,783527,87249,0,0,0,0,0,MEDIUM,MEDIUM,MEDIUM,5,COST_BASED,COST_BASED,false,false
1,baseline,1,2043,0,0,NATURAL_GAS_BLOCK,PRIVATELY_OWNED,10,0,0,34255,87249,0,0,0,0,0,MEDIUM,MEDIUM,MEDIUM,5,COST_BASED,COST_BASED,false,false
1,baseline,1,2043,0,0,NATURAL_GAS_BLOCK,PRIVATELY_RENTED,2379,0,0,34255,87249,0,0,0,0,0,MEDIUM,MEDIUM,MEDIUM,5,COST_BASED,COST_BASED,false,false
1,baseline,1,2043,0,0,NATURAL_GAS_BLOCK,SOCIAL_HOUSING,0,0,0,34255,87249,0,0,0,0,0,MEDIUM,MEDIUM,MEDIUM,5,COST_BASED,COST_BASED,false,false
1,baseline,1,2043,0,0,NATURAL_GAS_BLOCK,HOME_OWNER_ASSOCIATION,6,0,0,34255,87249,0,0,0,0,0,MEDIUM,MEDIUM,MEDIUM,5,COST_BASED,COST_BASED,false,false
1,baseline,1,2043,0,0,NATURAL_GAS_BLOCK,TOTAL,2395,165,207,34255,87249,0,0,0,0,0,MEDIUM,MEDIUM,MEDIUM,5,COST_BASED,COST_BASED,false,false
1,baseline,1,2043,0,0,HYBRID_HEAT_PUMP,PRIVATELY_OWNED,142514,0,0,305207,87249,0,0,0,0,0,MEDIUM,MEDIUM,MEDIUM,5,COST_BASED,COST_BASED,false,false
1,baseline,1,2043,0,0,HYBRID_HEAT_PUMP,PRIVATELY_RENTED,39952,0,0,305207,87249,0,0,0,0,0,MEDIUM,MEDIUM,MEDIUM,5,COST_BASED,COST_BASED,false,false
1,baseline,1,2043,0,0,HYBRID_HEAT_PUMP,SOCIAL_HOUSING,64105,0,0,305207,87249,0,0,0,0,0,MEDIUM,MEDIUM,MEDIUM,5,COST_BASED,COST_BASED,false,false
1,baseline,1,2043,0,0,HYBRID_HEAT_PUMP,HOME_OWNER_ASSOCIATION,12688,0,0,305207,87249,0,0,0,0,0,MEDIUM,MEDIUM,MEDIUM,5,COST_BASED,COST_BASED,false,false
1,baseline,1,2043,0,0,HYBRID_HEAT_PUMP,TOTAL,259259,16693,7809,305207,87249,0,0,0,0,0,MEDIUM,MEDIUM,MEDIUM,5,COST_BASED,COST_BASED,false,false
1,baseline,1,2043,0,0,ELECTRIC_HEAT_PUMP,PRIVATELY_OWNED,178253,0,0,237001,87249,0,0,0,0,0,MEDIUM,MEDIUM,MEDIUM,5,COST_BASED,COST_BASED,false,false
1,baseline,1,2043,0,0,ELECTRIC_HEAT_PUMP,PRIVATELY_RENTED,265,0,0,237001,87249,0,0,0,0,0,MEDIUM,MEDIUM,MEDIUM,5,COST_BASED,COST_BASED,false,false
1,baseline,1,2043,0,0,ELECTRIC_HEAT_PUMP,SOCIAL_HOUSING,0,0,0,237001,87249,0,0,0,0,0,MEDIUM,MEDIUM,MEDIUM,5,COST_BASED,COST_BASED,false,false
1,baseline,1,2043,0,0,ELECTRIC_HEAT_PUMP,HOME_OWNER_ASSOCIATION,250,0,0,237001,87249,0,0,0,0,0,MEDIUM,MEDIUM,MEDIUM,5,COST_BASED,COST_BASED,false,false
1,baseline,1,2043,0,0,ELECTRIC_HEAT_PUMP,TOTAL,178768,11922,8620,237001,87249,0,0,0,0,0,MEDIUM,MEDIUM,MEDIUM,5,COST_BASED,COST_BASED,false,false
1,baseline,1,2043,0,0,DISTRICT_HEATING,PRIVATELY_OWNED,5251,0,0,13191,87249,0,0,0,0,0,MEDIUM,MEDIUM,MEDIUM,5,COST_BASED,COST_BASED,false,false
1,baseline,1,2043,0,0,DISTRICT_HEATING,PRIVATELY_RENTED,944,0,0,13191,87249,0,0,0,0,0,MEDIUM,MEDIUM,MEDIUM,5,COST_BASED,COST_BASED,false,false
1,baseline,1,2043,0,0,DISTRICT_HEATING,SOCIAL_HOUSING,645,0,0,13191,87249,0,0,0,0,0,MEDIUM,MEDIUM,MEDIUM,5,COST_BASED,COST_BASED,false,false
1,baseline,1,2043,0,0,DISTRICT_HEATING,HOME_OWNER_ASSOCIATION,0,0,0,13191,87249,0,0,0,0,0,MEDIUM,MEDIUM,MEDIUM,5,COST_BASED,COST_BASED,false,false
1,baseline,1,2043,0,0,DISTRICT_HEATING,TOTAL,6840,31,194,13191,87249,0,0,0,0,0,MEDIUM,MEDIUM,MEDIUM,5,COST_BASED,COST_BASED,false,false
1,baseline,1,2044,0,0,NATURAL_GAS_BOILER,PRIVATELY_OWNED,13276,0,0,787622,97464,0,0,0,0,0,MEDIUM,MEDIUM,MEDIUM,5,COST_BASED,COST_BASED,false,false
1,baseline,1,2044,0,0,NATURAL_GAS_BOILER,PRIVATELY_RENTED,27699,0,0,787622,97464,0,0,0,0,0,MEDIUM,MEDIUM,MEDIUM,5,COST_BASED,COST_BASED,false,false
1,baseline,1,2044,0,0,NATURAL_GAS_BOILER,SOCIAL_HOUSING,35204,0,0,787622,97464,0,0,0,0,0,MEDIUM,MEDIUM,MEDIUM,5,COST_BASED,COST_BASED,false,false
1,baseline,1,2044,0,0,NATURAL_GAS_BOILER,HOME_OWNER_ASSOCIATION,11989,0,0,787622,97464,0,0,0,0,0,MEDIUM,MEDIUM,MEDIUM,5,COST_BASED,COST_BASED,false,false
1,baseline,1,2044,0,0,NATURAL_GAS_BOILER,TOTAL,88168,4095,14422,787622,97464,0,0,0,0,0,MEDIUM,MEDIUM,MEDIUM,5,COST_BASED,COST_BASED,false,false
1,baseline,1,2044,0,0,NATURAL_GAS_BLOCK,PRIVATELY_OWNED,5,0,0,34420,97464,0,0,0,0,0,MEDIUM,MEDIUM,MEDIUM,5,COST_BASED,COST_BASED,false,false
1,baseline,1,2044,0,0,NATURAL_GAS_BLOCK,PRIVATELY_RENTED,2308,0,0,34420,97464,0,0,0,0,0,MEDIUM,MEDIUM,MEDIUM,5,COST_BASED,COST_BASED,false,false
1,baseline,1,2044,0,0,NATURAL_GAS_BLOCK,SOCIAL_HOUSING,0,0,0,34420,97464,0,0,0,0,0,MEDIUM,MEDIUM,MEDIUM,5,COST_BASED,COST_BASED,false,false
1,baseline,1,2044,0,0,NATURAL_GAS_BLOCK,HOME_OWNER_ASSOCIATION,6,0,0,34420,97464,0,0,0,0,0,MEDIUM,MEDIUM,MEDIUM,5,COST_BASED,COST_BASED,false,false
1,baseline,1,2044,0,0,NATURAL_GAS_BLOCK,TOTAL,2319,165,241,34420,97464,0,0,0,0,0,MEDIUM,MEDIUM,MEDIUM,5,COST_BASED,COST_BASED,false,false
1,baseline,1,2044,0,0,HYBRID_HEAT_PUMP,PRIVATELY_OWNED,143123,0,0,323517,97464,0,0,0,0,0,MEDIUM,MEDIUM,MEDIUM,5,COST_BASED,COST_BASED,false,false
1,baseline,1,2044,0,0,HYBRID_HEAT_PUMP,PRIVATELY_RENTED,41234,0,0,323517,97464,0,0,0,0,0,MEDIUM,MEDIUM,MEDIUM,5,COST_BASED,COST_BASED,false,false
1,baseline,1,2044,0,0,HYBRID_HEAT_PUMP,SOCIAL_HOUSING,69447,0,0,323517,97464,0,0,0,0,0,MEDIUM,MEDIUM,MEDIUM,5,COST_BASED,COST_BASED,false,false
1,baseline,1,2044,0,0,HYBRID_HEAT_PUMP,HOME_OWNER_ASSOCIATION,13312,0,0,323517,97464,0,0,0,0,0,MEDIUM,MEDIUM,MEDIUM,5,COST_BASED,COST_BASED,false,false
1,baseline,1,2044,0,0,HYBRID_HEAT_PUMP,TOTAL,267116,18310,10453,323517,97464,0,0,0,0,0,MEDIUM,MEDIUM,MEDIUM,5,COST_BASED,COST_BASED,false,false
1,baseline,1,2044,0,0,ELECTRIC_HEAT_PUMP,PRIVATELY_OWNED,180871,0,0,250753,97464,0,0,0,0,0,MEDIUM,MEDIUM,MEDIUM,5,COST_BASED,COST_BASED,false,false
1,baseline,1,2044,0,0,ELECTRIC_HEAT_PUMP,PRIVATELY_RENTED,326,0,0,250753,97464,0,0,0,0,0,MEDIUM,MEDIUM,MEDIUM,5,COST_BASED,COST_BASED,false,false
1,baseline,1,2044,0,0,ELECTRIC_HEAT_PUMP,SOCIAL_HOUSING,0,0,0,250753,97464,0,0,0,0,0,MEDIUM,MEDIUM,MEDIUM,5,COST_BASED,COST_BASED,false,false
1,baseline,1,2044,0,0,ELECTRIC_HEAT_PUMP,HOME_OWNER_ASSOCIATION,250,0,0,250753,97464,0,0,0,0,0,MEDIUM,MEDIUM,MEDIUM,5,COST_BASED,COST_BASED,false,false
1,baseline,1,2044,0,0,ELECTRIC_HEAT_PUMP,TOTAL,181447,13752,11073,250753,97464,0,0,0,0,0,MEDIUM,MEDIUM,MEDIUM,5,COST_BASED,COST_BASED,false,false
1,baseline,1,2044,0,0,DISTRICT_HEATING,PRIVATELY_OWNED,5165,0,0,13219,97464,0,0,0,0,0,MEDIUM,MEDIUM,MEDIUM,5,COST_BASED,COST_BASED,false,false
1,baseline,1,2044,0,0,DISTRICT_HEATING,PRIVATELY_RENTED,897,0,0,13219,97464,0,0,0,0,0,MEDIUM,MEDIUM,MEDIUM,5,COST_BASED,COST_BASED,false,false
1,baseline,1,2044,0,0,DISTRICT_HEATING,SOCIAL_HOUSING,645,0,0,13219,97464,0,0,0,0,0,MEDIUM,MEDIUM,MEDIUM,5,COST_BASED,COST_BASED,false,false
1,baseline,1,2044,0,0,DISTRICT_HEATING,HOME_OWNER_ASSOCIATION,0,0,0,13219,97464,0,0,0,0,0,MEDIUM,MEDIUM,MEDIUM,5,COST_BASED,COST_BASED,false,false
1,baseline,1,2044,0,0,DISTRICT_HEATING,TOTAL,6707,28,161,13219,97464,0,0,0,0,0,MEDIUM,MEDIUM,MEDIUM,5,COST_BASED,COST_BASED,false,false
1,baseline,1,2045,0,0,NATURAL_GAS_BOILER,PRIVATELY_OWNED,11316,0,0,792598,108833,0,0,0,0,0,MEDIUM,MEDIUM,MEDIUM,5,COST_BASED,COST_BASED,false,false
1,baseline,1,2045,0,0,NATURAL_GAS_BOILER,PRIVATELY_RENTED,26614,0,0,792598,108833,0,0,0,0,0,MEDIUM,MEDIUM,MEDIUM,5,COST_BASED,COST_BASED,false,false
1,baseline,1,2045,0,0,NATURAL_GAS_BOILER,SOCIAL_HOUSING,29241,0,0,792598,108833,0,0,0,0,0,MEDIUM,MEDIUM,MEDIUM,5,COST_BASED,COST_BASED,false,false
1,baseline,1,2045,0,0,NATURAL_GAS_BOILER,HOME_OWNER_ASSOCIATION,11483,0,0,792598,108833,0,0,0,0,0,MEDIUM,MEDIUM,MEDIUM,5,COST_BASED,COST_BASED,false,false
1,baseline,1,2045,0,0,NATURAL_GAS_BOILER,TOTAL,78654,4976,14490,792598,108833,0,0,0,0,0,MEDIUM,MEDIUM,MEDIUM,5,COST_BASED,COST_BASED,false,false
1,baseline,1,2045,0,0,NATURAL_GAS_BLOCK,PRIVATELY_OWNED,3,0,0,34641,108833,0,0,0,0,0,MEDIUM,MEDIUM,MEDIUM,5,COST_BASED,COST_BASED,false,false
1,baseline,1,2045,0,0,NATURAL_GAS_BLOCK,PRIVATELY_RENTED,2242,0,0,34641,108833,0,0,0,0,0,MEDIUM,MEDIUM,MEDIUM,5,COST_BASED,COST_BASED,false,false
1,baseline,1,2045,0,0,NATURAL_GAS_BLOCK,SOCIAL_HOUSING,0,0,0,34641,108833,0,0,0,0,0,MEDIUM,MEDIUM,MEDIUM,5,COST_BASED,COST_BASED,false,false
1,baseline,1,2045,0,0,NATURAL_GAS_BLOCK,HOME_OWNER_ASSOCIATION,6,0,0,34641,108833,0,0,0,0,0,MEDIUM,MEDIUM,MEDIUM,5,COST_BASED,COST_BASED,false,false
1,baseline,1,2045,0,0,NATURAL_GAS_BLOCK,TOTAL,2251,221,289,34641,108833,0,0,0,0,0,MEDIUM,MEDIUM,MEDIUM,5,COST_BASED,COST_BASED,false,false
1,baseline,1,2045,0,0,HYBRID_HEAT_PUMP,PRIVATELY_OWNED,143486,0,0,342862,108833,0,0,0,0,0,MEDIUM,MEDIUM,MEDIUM,5,COST_BASED,COST_BASED,false,false
1,baseline,1,2045,0,0,HYBRID_HEAT_PUMP,PRIVATELY_RENTED,42368,0,0,342862,108833,0,0,0,0,0,MEDIUM,MEDIUM,MEDIUM,5,COST_BASED,COST_BASED,false,false
1,baseline,1,2045,0,0,HYBRID_HEAT_PUMP,SOCIAL_HOUSING,75215,0,0,342862,108833,0,0,0,0,0,MEDIUM,MEDIUM,MEDIUM,5,COST_BASED,COST_BASED,false,false
1,baseline,1,2045,0,0,HYBRID_HEAT_PUMP,HOME_OWNER_ASSOCIATION,13818,0,0,342862,108833,0,0,0,0,0,MEDIUM,MEDIUM,MEDIUM,5,COST_BASED,COST_BASED,false,false
1,baseline,1,2045,0,0,HYBRID_HEAT_PUMP,TOTAL,274887,19345,11574,342862,108833,0,0,0,0,0,MEDIUM,MEDIUM,MEDIUM,5,COST_BASED,COST_BASED,false,false
1,baseline,1,2045,0,0,ELECTRIC_HEAT_PUMP,PRIVATELY_OWNED,182563,0,0,262692,108833,0,0,0,0,0,MEDIUM,MEDIUM,MEDIUM,5,COST_BASED,COST_BASED,false,false
1,baseline,1,2045,0,0,ELECTRIC_HEAT_PUMP,PRIVATELY_RENTED,396,0,0,262692,108833,0,0,0,0,0,MEDIUM,MEDIUM,MEDIUM,5,COST_BASED,COST_BASED,false,false
1,baseline,1,2045,0,0,ELECTRIC_HEAT_PUMP,SOCIAL_HOUSING,195,0,0,262692,108833,0,0,0,0,0,MEDIUM,MEDIUM,MEDIUM,5,COST_BASED,COST_BASED,false,false
1,baseline,1,2045,0,0,ELECTRIC_HEAT_PUMP,HOME_OWNER_ASSOCIATION,250,0,0,262692,108833,0,0,0,0,0,MEDIUM,MEDIUM,MEDIUM,5,COST_BASED,COST_BASED,false,false
1,baseline,1,2045,0,0,ELECTRIC_HEAT_PUMP,TOTAL,183404,11939,9982,262692,108833,0,0,0,0,0,MEDIUM,MEDIUM,MEDIUM,5,COST_BASED,COST_BASED,false,false
1,baseline,1,2045,0,0,DISTRICT_HEATING,PRIVATELY_OWNED,5072,0,0,13244,108833,0,0,0,0,0,MEDIUM,MEDIUM,MEDIUM,5,COST_BASED,COST_BASED,false,false
1,baseline,1,2045,0,0,DISTRICT_HEATING,PRIVATELY_RENTED,844,0,0,13244,108833,0,0,0,0,0,MEDIUM,MEDIUM,MEDIUM,5,COST_BASED,COST_BASED,false,false
1,baseline,1,2045,0,0,DISTRICT_HEATING,SOCIAL_HOUSING,645,0,0,13244,108833,0,0,0,0,0,MEDIUM,MEDIUM,MEDIUM,5,COST_BASED,COST_BASED,false,false
1,baseline,1,2045,0,0,DISTRICT_HEATING,HOME_OWNER_ASSOCIATION,0,0,0,13244,108833,0,0,0,0,0,MEDIUM,MEDIUM,MEDIUM,5,COST_BASED,COST_BASED,false,false
1,baseline,1,2045,0,0,DISTRICT_HEATING,TOTAL,6561,25,171,13244,108833,0,0,0,0,0,MEDIUM,MEDIUM,MEDIUM,5,COST_BASED,COST_BASED,false,false
1,baseline,1,2046,0,0,NATURAL_GAS_BOILER,PRIVATELY_OWNED,10280,0,0,796631,117809,0,0,0,0,0,MEDIUM,MEDIUM,MEDIUM,5,COST_BASED,COST_BASED,false,false
1,baseline,1,2046,0,0,NATURAL_GAS_BOILER,PRIVATELY_RENTED,25622,0,0,796631,117809,0,0,0,0,0,MEDIUM,MEDIUM,MEDIUM,5,COST_BASED,COST_BASED,false,false
1,baseline,1,2046,0,0,NATURAL_GAS_BOILER,SOCIAL_HOUSING,26658,0,0,796631,117809,0,0,0,0,0,MEDIUM,MEDIUM,MEDIUM,5,COST_BASED,COST_BASED,false,false
1,baseline,1,2046,0,0,NATURAL_GAS_BOILER,HOME_OWNER_ASSOCIATION,10852,0,0,796631,117809,0,0,0,0,0,MEDIUM,MEDIUM,MEDIUM,5,COST_BASED,COST_BASED,false,false
1,baseline,1,2046,0,0,NATURAL_GAS_BOILER,TOTAL,73412,4033,9275,796631,117809,0,0,0,0,0,MEDIUM,MEDIUM,MEDIUM,5,COST_BASED,COST_BASED,false,false
1,baseline,1,2046,0,0,NATURAL_GAS_BLOCK,PRIVATELY_OWNED,3,0,0,34806,117809,0,0,0,0,0,MEDIUM,MEDIUM,MEDIUM,5,COST_BASED,COST_BASED,false,false
1,baseline,1,2046,0,0,NATURAL_GAS_BLOCK,PRIVATELY_RENTED,2196,0,0,34806,117809,0,0,0,0,0,MEDIUM,MEDIUM,MEDIUM,5,COST_BASED,COST_BASED,false,false
1,baseline,1,2046,0,0,NATURAL_GAS_BLOCK,SOCIAL_HOUSING,0,0,0,34806,117809,0,0,0,0,0,MEDIUM,MEDIUM,MEDIUM,5,COST_BASED,COST_BASED,false,false
1,baseline,1,2046,0,0,NATURAL_GAS_BLOCK,HOME_OWNER_ASSOCIATION,6,0,0,34806,117809,0,0,0,0,0,MEDIUM,MEDIUM,MEDIUM,5,COST_BASED,COST_BASED,false,false
1,baseline,1,2046,0,0,NATURAL_GAS_BLOCK,TOTAL,2205,165,211,34806,117809,0,0,0,0,0,MEDIUM,MEDIUM,MEDIUM,5,COST_BASED,COST_BASED,false,false
1,baseline,1,2046,0,0,HYBRID_HEAT_PUMP,PRIVATELY_OWNED,143178,0,0,362996,117809,0,0,0,0,0,MEDIUM,MEDIUM,MEDIUM,5,COST_BASED,COST_BASED,false,false
1,baseline,1,2046,0,0,HYBRID_HEAT_PUMP,PRIVATELY_RENTED,43388,0,0,362996,117809,0,0,0,0,0,MEDIUM,MEDIUM,MEDIUM,5,COST_BASED,COST_BASED,false,false
1,baseline,1,2046,0,0,HYBRID_HEAT_PUMP,SOCIAL_HOUSING,77798,0,0,362996,117809,0,0,0,0,0,MEDIUM,MEDIUM,MEDIUM,5,COST_BASED,COST_BASED,false,false
1,baseline,1,2046,0,0,HYBRID_HEAT_PUMP,HOME_OWNER_ASSOCIATION,14449,0,0,362996,117809,0,0,0,0,0,MEDIUM,MEDIUM,MEDIUM,5,COST_BASED,COST_BASED,false,false
1,baseline,1,2046,0,0,HYBRID_HEAT_PUMP,TOTAL,278813,20134,16208,362996,117809,0,0,0,0,0,MEDIUM,MEDIUM,MEDIUM,5,COST_BASED,COST_BASED,false,false
1,baseline,1,2046,0,0,ELECTRIC_HEAT_PUMP,PRIVATELY_OWNED,183979,0,0,277340,117809,0,0,0,0,0,MEDIUM,MEDIUM,MEDIUM,5,COST_BASED,COST_BASED,false,false
1,baseline,1,2046,0,0,ELECTRIC_HEAT_PUMP,PRIVATELY_RENTED,482,0,0,277340,117809,0,0,0,0,0,MEDIUM,MEDIUM,MEDIUM,5,COST_BASED,COST_BASED,false,false
1,baseline,1,2046,0,0,ELECTRIC_HEAT_PUMP,SOCIAL_HOUSING,195,0,0,277340,117809,0,0,0,0,0,MEDIUM,MEDIUM,MEDIUM,5,COST_BASED,COST_BASED,false,false
1,baseline,1,2046,0,0,ELECTRIC_HEAT_PUMP,HOME_OWNER_ASSOCIATION,250,0,0,277340,117809,0,0,0,0,0,MEDIUM,MEDIUM,MEDIUM,5,COST_BASED,COST_BASED,false,false
1,baseline,1,2046,0,0,ELECTRIC_HEAT_PUMP,TOTAL,184906,14648,13146,277340,117809,0,0,0,0,0,MEDIUM,MEDIUM,MEDIUM,5,COST_BASED,COST_BASED,false,false
1,baseline,1,2046,0,0,DISTRICT_HEATING,PRIVATELY_OWNED,5000,0,0,13273,117809,0,0,0,0,0,MEDIUM,MEDIUM,MEDIUM,5,COST_BASED,COST_BASED,false,false
1,baseline,1,2046,0,0,DISTRICT_HEATING,PRIVATELY_RENTED,776,0,0,13273,117809,0,0,0,0,0,MEDIUM,MEDIUM,MEDIUM,5,COST_BASED,COST_BASED,false,false
1,baseline,1,2046,0,0,DISTRICT_HEATING,SOCIAL_HOUSING,645,0,0,13273,117809,0,0,0,0,0,MEDIUM,MEDIUM,MEDIUM,5,COST_BASED,COST_BASED,false,false
1,baseline,1,2046,0,0,DISTRICT_HEATING,HOME_OWNER_ASSOCIATION,0,0,0,13273,117809,0,0,0,0,0,MEDIUM,MEDIUM,MEDIUM,5,COST_BASED,COST_BASED,false,false
1,baseline,1,2046,0,0,DISTRICT_HEATING,TOTAL,6421,29,169,13273,117809,0,0,0,0,0,MEDIUM,MEDIUM,MEDIUM,5,COST_BASED,COST_BASED,false,false
1,baseline,1,2047,0,0,NATURAL_GAS_BOILER,PRIVATELY_OWNED,9674,0,0,802076,118643,0,0,0,0,0,MEDIUM,MEDIUM,MEDIUM,5,COST_BASED,COST_BASED,false,false
1,baseline,1,2047,0,0,NATURAL_GAS_BOILER,PRIVATELY_RENTED,24777,0,0,802076,118643,0,0,0,0,0,MEDIUM,MEDIUM,MEDIUM,5,COST_BASED,COST_BASED,false,false
1,baseline,1,2047,0,0,NATURAL_GAS_BOILER,SOCIAL_HOUSING,23169,0,0,802076,118643,0,0,0,0,0,MEDIUM,MEDIUM,MEDIUM,5,COST_BASED,COST_BASED,false,false
1,baseline,1,2047,0,0,NATURAL_GAS_BOILER,HOME_OWNER_ASSOCIATION,9726,0,0,802076,118643,0,0,0,0,0,MEDIUM,MEDIUM,MEDIUM,5,COST_BASED,COST_BASED,false,false
1,baseline,1,2047,0,0,NATURAL_GAS_BOILER,TOTAL,67346,5445,11511,802076,118643,0,0,0,0,0,MEDIUM,MEDIUM,MEDIUM,5,COST_BASED,COST_BASED,false,false
1,baseline,1,2047,0,0,NATURAL_GAS_BLOCK,PRIVATELY_OWNED,1,0,0,34958,118643,0,0,0,0,0,MEDIUM,MEDIUM,MEDIUM,5,COST_BASED,COST_BASED,false,false
1,baseline,1,2047,0,0,NATURAL_GAS_BLOCK,PRIVATELY_RENTED,2164,0,0,34958,118643,0,0,0,0,0,MEDIUM,MEDIUM,MEDIUM,5,COST_BASED,COST_BASED,false,false
1,baseline,1,2047,0,0,NATURAL_GAS_BLOCK,SOCIAL_HOUSING,0,0,0,34958,118643,0,0,0,0,0,MEDIUM,MEDIUM,MEDIUM,5,COST_BASED,COST_BASED,false,false
1,baseline,1,2047,0,0,NATURAL_GAS_BLOCK,HOME_OWNER_ASSOCIATION,6,0,0,34958,118643,0,0,0,0,0,MEDIUM,MEDIUM,MEDIUM,5,COST_BASED,COST_BASED,false,false
1,baseline,1,2047,0,0,NATURAL_GAS_BLOCK,TOTAL,2171,152,186,34958,118643,0,0,0,0,0,MEDIUM,MEDIUM,MEDIUM,5,COST_BASED,COST_BASED,false,false
1,baseline,1,2047,0,0,HYBRID_HEAT_PUMP,PRIVATELY_OWNED,143286,0,0,383284,118643,0,0,0,0,0,MEDIUM,MEDIUM,MEDIUM,5,COST_BASED,COST_BASED,false,false
1,baseline,1,2047,0,0,HYBRID_HEAT_PUMP,PRIVATELY_RENTED,44277,0,0,383284,118643,0,0,0,0,0,MEDIUM,MEDIUM,MEDIUM,5,COST_BASED,COST_BASED,false,false
1,baseline,1,2047,0,0,HYBRID_HEAT_PUMP,SOCIAL_HOUSING,81056,0,0,383284,118643,0,0,0,0,0,MEDIUM,MEDIUM,MEDIUM,5,COST_BASED,COST_BASED,false,false
1,baseline,1,2047,0,0,HYBRID_HEAT_PUMP,HOME_OWNER_ASSOCIATION,15575,0,0,383284,118643,0,0,0,0,0,MEDIUM,MEDIUM,MEDIUM,5,COST_BASED,COST_BASED,false,false
1,baseline,1,2047,0,0,HYBRID_HEAT_PUMP,TOTAL,284194,20288,14907,383284,118643,0,0,0,0,0,MEDIUM,MEDIUM,MEDIUM,5,COST_BASED,COST_BASED,false,false
1,baseline,1,2047,0,0,ELECTRIC_HEAT_PUMP,PRIVATELY_OWNED,184571,0,0,291938,118643,0,0,0,0,0,MEDIUM,MEDIUM,MEDIUM,5,COST_BASED,COST_BASED,false,false
1,baseline,1,2047,0,0,ELECTRIC_HEAT_PUMP,PRIVATELY_RENTED,548,0,0,291938,118643,0,0,0,0,0,MEDIUM,MEDIUM,MEDIUM,5,COST_BASED,COST_BASED,false,false
1,baseline,1,2047,0,0,ELECTRIC_HEAT_PUMP,SOCIAL_HOUSING,427,0,0,291938,118643,0,0,0,0,0,MEDIUM,MEDIUM,MEDIUM,5,COST_BASED,COST_BASED,false,false
1,baseline,1,2047,0,0,ELECTRIC_HEAT_PUMP,HOME_OWNER_ASSOCIATION,250,0,0,291938,118643,0,0,0,0,0,MEDIUM,MEDIUM,MEDIUM,5,COST_BASED,COST_BASED,false,false
1,baseline,1,2047,0,0,ELECTRIC_HEAT_PUMP,TOTAL,185796,14598,13708,291938,118643,0,0,0,0,0,MEDIUM,MEDIUM,MEDIUM,5,COST_BASED,COST_BASED,false,false
1,baseline,1,2047,0,0,DISTRICT_HEATING,PRIVATELY_OWNED,4908,0,0,13295,118643,0,0,0,0,0,MEDIUM,MEDIUM,MEDIUM,5,COST_BASED,COST_BASED,false,false
1,baseline,1,2047,0,0,DISTRICT_HEATING,PRIVATELY_RENTED,698,0,0,13295,118643,0,0,0,0,0,MEDIUM,MEDIUM,MEDIUM,5,COST_BASED,COST_BASED,false,false
1,baseline,1,2047,0,0,DISTRICT_HEATING,SOCIAL_HOUSING,644,0,0,13295,118643,0,0,0,0,0,MEDIUM,MEDIUM,MEDIUM,5,COST_BASED,COST_BASED,false,false
1,baseline,1,2047,0,0,DISTRICT_HEATING,HOME_OWNER_ASSOCIATION,0,0,0,13295,118643,0,0,0,0,0,MEDIUM,MEDIUM,MEDIUM,5,COST_BASED,COST_BASED,false,false
1,baseline,1,2047,0,0,DISTRICT_HEATING,TOTAL,6250,22,193,13295,118643,0,0,0,0,0,MEDIUM,MEDIUM,MEDIUM,5,COST_BASED,COST_BASED,false,false
1,baseline,1,2048,0,0,NATURAL_GAS_BOILER,PRIVATELY_OWNED,9260,0,0,806805,116492,0,0,0,0,0,MEDIUM,MEDIUM,MEDIUM,5,COST_BASED,COST_BASED,false,false
1,baseline,1,2048,0,0,NATURAL_GAS_BOILER,PRIVATELY_RENTED,23948,0,0,806805,116492,0,0,0,0,0,MEDIUM,MEDIUM,MEDIUM,5,COST_BASED,COST_BASED,false,false
1,baseline,1,2048,0,0,NATURAL_GAS_BOILER,SOCIAL_HOUSING,19893,0,0,806805,116492,0,0,0,0,0,MEDIUM,MEDIUM,MEDIUM,5,COST_BASED,COST_BASED,false,false
1,baseline,1,2048,0,0,NATURAL_GAS_BOILER,HOME_OWNER_ASSOCIATION,9549,0,0,806805,116492,0,0,0,0,0,MEDIUM,MEDIUM,MEDIUM,5,COST_BASED,COST_BASED,false,false
1,baseline,1,2048,0,0,NATURAL_GAS_BOILER,TOTAL,62650,4729,9425,806805,116492,0,0,0,0,0,MEDIUM,MEDIUM,MEDIUM,5,COST_BASED,COST_BASED,false,false
1,baseline,1,2048,0,0,NATURAL_GAS_BLOCK,PRIVATELY_OWNED,1,0,0,35112,116492,0,0,0,0,0,MEDIUM,MEDIUM,MEDIUM,5,COST_BASED,COST_BASED,false,false
1,baseline,1,2048,0,0,NATURAL_GAS_BLOCK,PRIVATELY_RENTED,2116,0,0,35112,116492,0,0,0,0,0,MEDIUM,MEDIUM,MEDIUM,5,COST_BASED,COST_BASED,false,false
1,baseline,1,2048,0,0,NATURAL_GAS_BLOCK,SOCIAL_HOUSING,0,0,0,35112,116492,0,0,0,0,0,MEDIUM,MEDIUM,MEDIUM,5,COST_BASED,COST_BASED,false,false
1,baseline,1,2048,0,0,NATURAL_GAS_BLOCK,HOME_OWNER_ASSOCIATION,6,0,0,35112,116492,0,0,0,0,0,MEDIUM,MEDIUM,MEDIUM,5,COST_BASED,COST_BASED,false,false
1,baseline,1,2048,0,0,NATURAL_GAS_BLOCK,TOTAL,2123,154,202,35112,116492,0,0,0,0,0,MEDIUM,MEDIUM,MEDIUM,5,COST_BASED,COST_BASED,false,false
1,baseline,1,2048,0,0,HYBRID_HEAT_PUMP,PRIVATELY_OWNED,143493,0,0,407028,116492,0,0,0,0,0,MEDIUM,MEDIUM,MEDIUM,5,COST_BASED,COST_BASED,false,false
1,baseline,1,2048,0,0,HYBRID_HEAT_PUMP,PRIVATELY_RENTED,45140,0,0,407028,116492,0,0,0,0,0,MEDIUM,MEDIUM,MEDIUM,5,COST_BASED,COST_BASED,false,false
1,baseline,1,2048,0,0,HYBRID_HEAT_PUMP,SOCIAL_HOUSING,84551,0,0,407028,116492,0,0,0,0,0,MEDIUM,MEDIUM,MEDIUM,5,COST_BASED,COST_BASED,false,false
1,baseline,1,2048,0,0,HYBRID_HEAT_PUMP,HOME_OWNER_ASSOCIATION,15683,0,0,407028,116492,0,0,0,0,0,MEDIUM,MEDIUM,MEDIUM,5,COST_BASED,COST_BASED,false,false
1,baseline,1,2048,0,0,HYBRID_HEAT_PUMP,TOTAL,288867,23744,19071,407028,116492,0,0,0,0,0,MEDIUM,MEDIUM,MEDIUM,5,COST_BASED,COST_BASED,false,false
1,baseline,1,2048,0,0,ELECTRIC_HEAT_PUMP,PRIVATELY_OWNED,185100,0,0,308176,116492,0,0,0,0,0,MEDIUM,MEDIUM,MEDIUM,5,COST_BASED,COST_BASED,false,false
1,baseline,1,2048,0,0,ELECTRIC_HEAT_PUMP,PRIVATELY_RENTED,647,0,0,308176,116492,0,0,0,0,0,MEDIUM,MEDIUM,MEDIUM,5,COST_BASED,COST_BASED,false,false
1,baseline,1,2048,0,0,ELECTRIC_HEAT_PUMP,SOCIAL_HOUSING,635,0,0,308176,116492,0,0,0,0,0,MEDIUM,MEDIUM,MEDIUM,5,COST_BASED,COST_BASED,false,false
1,baseline,1,2048,0,0,ELECTRIC_HEAT_PUMP,HOME_OWNER_ASSOCIATION,319,0,0,308176,116492,0,0,0,0,0,MEDIUM,MEDIUM,MEDIUM,5,COST_BASED,COST_BASED,false,false
1,baseline,1,2048,0,0,ELECTRIC_HEAT_PUMP,TOTAL,186701,16238,15333,308176,116492,0,0,0,0,0,MEDIUM,MEDIUM,MEDIUM,5,COST_BASED,COST_BASED,false,false
1,baseline,1,2048,0,0,DISTRICT_HEATING,PRIVATELY_OWNED,4586,0,0,13303,116492,0,0,0,0,0,MEDIUM,MEDIUM,MEDIUM,5,COST_BASED,COST_BASED,false,false
1,baseline,1,2048,0,0,DISTRICT_HEATING,PRIVATELY_RENTED,613,0,0,13303,116492,0,0,0,0,0,MEDIUM,MEDIUM,MEDIUM,5,COST_BASED,COST_BASED,false,false
1,baseline,1,2048,0,0,DISTRICT_HEATING,SOCIAL_HOUSING,217,0,0,13303,116492,0,0,0,0,0,MEDIUM,MEDIUM,MEDIUM,5,COST_BASED,COST_BASED,false,false
1,baseline,1,2048,0,0,DISTRICT_HEATING,HOME_OWNER_ASSOCIATION,0,0,0,13303,116492,0,0,0,0,0,MEDIUM,MEDIUM,MEDIUM,5,COST_BASED,COST_BASED,false,false
1,baseline,1,2048,0,0,DISTRICT_HEATING,TOTAL,5416,8,842,13303,116492,0,0,0,0,0,MEDIUM,MEDIUM,MEDIUM,5,COST_BASED,COST_BASED,false,false
1,baseline,1,2049,0,0,NATURAL_GAS_BOILER,PRIVATELY_OWNED,8932,0,0,810030,105455,0,0,0,0,0,MEDIUM,MEDIUM,MEDIUM,5,COST_BASED,COST_BASED,false,false
1,baseline,1,2049,0,0,NATURAL_GAS_BOILER,PRIVATELY_RENTED,23017,0,0,810030,105455,0,0,0,0,0,MEDIUM,MEDIUM,MEDIUM,5,COST_BASED,COST_BASED,false,false
1,baseline,1,2049,0,0,NATURAL_GAS_BOILER,SOCIAL_HOUSING,19108,0,0,810030,105455,0,0,0,0,0,MEDIUM,MEDIUM,MEDIUM,5,COST_BASED,COST_BASED,false,false
1,baseline,1,2049,0,0,NATURAL_GAS_BOILER,HOME_OWNER_ASSOCIATION,9456,0,0,810030,105455,0,0,0,0,0,MEDIUM,MEDIUM,MEDIUM,5,COST_BASED,COST_BASED,false,false
1,baseline,1,2049,0,0,NATURAL_GAS_BOILER,TOTAL,60513,3225,5362,810030,105455,0,0,0,0,0,MEDIUM,MEDIUM,MEDIUM,5,COST_BASED,COST_BASED,false,false
1,baseline,1,2049,0,0,NATURAL_GAS_BLOCK,PRIVATELY_OWNED,0,0,0,35265,105455,0,0,0,0,0,MEDIUM,MEDIUM,MEDIUM,5,COST_BASED,COST_BASED,false,false
1,baseline,1,2049,0,0,NATURAL_GAS_BLOCK,PRIVATELY_RENTED,2081,0,0,35265,105455,0,0,0,0,0,MEDIUM,MEDIUM,MEDIUM,5,COST_BASED,COST_BASED,false,false
1,baseline,1,2049,0,0,NATURAL_GAS_BLOCK,SOCIAL_HOUSING,0,0,0,35265,105455,0,0,0,0,0,MEDIUM,MEDIUM,MEDIUM,5,COST_BASED,COST_BASED,false,false
1,baseline,1,2049,0,0,NATURAL_GAS_BLOCK,HOME_OWNER_ASSOCIATION,6,0,0,35265,105455,0,0,0,0,0,MEDIUM,MEDIUM,MEDIUM,5,COST_BASED,COST_BASED,false,false
1,baseline,1,2049,0,0,NATURAL_GAS_BLOCK,TOTAL,2087,153,189,35265,105455,0,0,0,0,0,MEDIUM,MEDIUM,MEDIUM,5,COST_BASED,COST_BASED,false,false
1,baseline,1,2049,0,0,HYBRID_HEAT_PUMP,PRIVATELY_OWNED,143714,0,0,430103,105455,0,0,0,0,0,MEDIUM,MEDIUM,MEDIUM,5,COST_BASED,COST_BASED,false,false
1,baseline,1,2049,0,0,HYBRID_HEAT_PUMP,PRIVATELY_RENTED,46031,0,0,430103,105455,0,0,0,0,0,MEDIUM,MEDIUM,MEDIUM,5,COST_BASED,COST_BASED,false,false
1,baseline,1,2049,0,0,HYBRID_HEAT_PUMP,SOCIAL_HOUSING,85304,0,0,430103,105455,0,0,0,0,0,MEDIUM,MEDIUM,MEDIUM,5,COST_BASED,COST_BASED,false,false
1,baseline,1,2049,0,0,HYBRID_HEAT_PUMP,HOME_OWNER_ASSOCIATION,15776,0,0,430103,105455,0,0,0,0,0,MEDIUM,MEDIUM,MEDIUM,5,COST_BASED,COST_BASED,false,false
1,baseline,1,2049,0,0,HYBRID_HEAT_PUMP,TOTAL,290825,23075,21117,430103,105455,0,0,0,0,0,MEDIUM,MEDIUM,MEDIUM,5,COST_BASED,COST_BASED,false,false
1,baseline,1,2049,0,0,ELECTRIC_HEAT_PUMP,PRIVATELY_OWNED,185487,0,0,323508,105455,0,0,0,0,0,MEDIUM,MEDIUM,MEDIUM,5,COST_BASED,COST_BASED,false,false
1,baseline,1,2049,0,0,ELECTRIC_HEAT_PUMP,PRIVATELY_RENTED,768,0,0,323508,105455,0,0,0,0,0,MEDIUM,MEDIUM,MEDIUM,5,COST_BASED,COST_BASED,false,false
1,baseline,1,2049,0,0,ELECTRIC_HEAT_PUMP,SOCIAL_HOUSING,667,0,0,323508,105455,0,0,0,0,0,MEDIUM,MEDIUM,MEDIUM,5,COST_BASED,COST_BASED,false,false
1,baseline,1,2049,0,0,ELECTRIC_HEAT_PUMP,HOME_OWNER_ASSOCIATION,319,0,0,323508,105455,0,0,0,0,0,MEDIUM,MEDIUM,MEDIUM,5,COST_BASED,COST_BASED,false,false
1,baseline,1,2049,0,0,ELECTRIC_HEAT_PUMP,TOTAL,187241,15332,14792,323508,105455,0,0,0,0,0,MEDIUM,MEDIUM,MEDIUM,5,COST_BASED,COST_BASED,false,false
1,baseline,1,2049,0,0,DISTRICT_HEATING,PRIVATELY_OWNED,4307,0,0,13323,105455,0,0,0,0,0,MEDIUM,MEDIUM,MEDIUM,5,COST_BASED,COST_BASED,false,false
1,baseline,1,2049,0,0,DISTRICT_HEATING,PRIVATELY_RENTED,567,0,0,13323,105455,0,0,0,0,0,MEDIUM,MEDIUM,MEDIUM,5,COST_BASED,COST_BASED,false,false
1,baseline,1,2049,0,0,DISTRICT_HEATING,SOCIAL_HOUSING,217,0,0,13323,105455,0,0,0,0,0,MEDIUM,MEDIUM,MEDIUM,5,COST_BASED,COST_BASED,false,false
1,baseline,1,2049,0,0,DISTRICT_HEATING,HOME_OWNER_ASSOCIATION,0,0,0,13323,105455,0,0,0,0,0,MEDIUM,MEDIUM,MEDIUM,5,COST_BASED,COST_BASED,false,false
1,baseline,1,2049,0,0,DISTRICT_HEATING,TOTAL,5091,20,345,13323,105455,0,0,0,0,0,MEDIUM,MEDIUM,MEDIUM,5,COST_BASED,COST_BASED,false,false
1,baseline,1,2050,0,0,NATURAL_GAS_BOILER,PRIVATELY_OWNED,8659,0,0,813704,94736,0,0,0,0,0,MEDIUM,MEDIUM,MEDIUM,5,COST_BASED,COST_BASED,false,false
1,baseline,1,2050,0,0,NATURAL_GAS_BOILER,PRIVATELY_RENTED,22219,0,0,813704,94736,0,0,0,0,0,MEDIUM,MEDIUM,MEDIUM,5,COST_BASED,COST_BASED,false,false
1,baseline,1,2050,0,0,NATURAL_GAS_BOILER,SOCIAL_HOUSING,17537,0,0,813704,94736,0,0,0,0,0,MEDIUM,MEDIUM,MEDIUM,5,COST_BASED,COST_BASED,false,false
1,baseline,1,2050,0,0,NATURAL_GAS_BOILER,HOME_OWNER_ASSOCIATION,9277,0,0,813704,94736,0,0,0,0,0,MEDIUM,MEDIUM,MEDIUM,5,COST_BASED,COST_BASED,false,false
1,baseline,1,2050,0,0,NATURAL_GAS_BOILER,TOTAL,57692,3674,6495,813704,94736,0,0,0,0,0,MEDIUM,MEDIUM,MEDIUM,5,COST_BASED,COST_BASED,false,false
1,baseline,1,2050,0,0,NATURAL_GAS_BLOCK,PRIVATELY_OWNED,0,0,0,35426,94736,0,0,0,0,0,MEDIUM,MEDIUM,MEDIUM,5,COST_BASED,COST_BASED,false,false
1,baseline,1,2050,0,0,NATURAL_GAS_BLOCK,PRIVATELY_RENTED,2044,0,0,35426,94736,0,0,0,0,0,MEDIUM,MEDIUM,MEDIUM,5,COST_BASED,COST_BASED,false,false
1,baseline,1,2050,0,0,NATURAL_GAS_BLOCK,SOCIAL_HOUSING,0,0,0,35426,94736,0,0,0,0,0,MEDIUM,MEDIUM,MEDIUM,5,COST_BASED,COST_BASED,false,false
1,baseline,1,2050,0,0,NATURAL_GAS_BLOCK,HOME_OWNER_ASSOCIATION,3,0,0,35426,94736,0,0,0,0,0,MEDIUM,MEDIUM,MEDIUM,5,COST_BASED,COST_BASED,false,false
1,baseline,1,2050,0,0,NATURAL_GAS_BLOCK,TOTAL,2047,161,201,35426,94736,0,0,0,0,0,MEDIUM,MEDIUM,MEDIUM,5,COST_BASED,COST_BASED,false,false
1,baseline,1,2050,0,0,HYBRID_HEAT_PUMP,PRIVATELY_OWNED,144028,0,0,447845,94736,0,0,0,0,0,MEDIUM,MEDIUM,MEDIUM,5,COST_BASED,COST_BASED,false,false
1,baseline,1,2050,0,0,HYBRID_HEAT_PUMP,PRIVATELY_RENTED,46854,0,0,447845,94736,0,0,0,0,0,MEDIUM,MEDIUM,MEDIUM,5,COST_BASED,COST_BASED,false,false
1,baseline,1,2050,0,0,HYBRID_HEAT_PUMP,SOCIAL_HOUSING,85907,0,0,447845,94736,0,0,0,0,0,MEDIUM,MEDIUM,MEDIUM,5,COST_BASED,COST_BASED,false,false
1,baseline,1,2050,0,0,HYBRID_HEAT_PUMP,HOME_OWNER_ASSOCIATION,15958,0,0,447845,94736,0,0,0,0,0,MEDIUM,MEDIUM,MEDIUM,5,COST_BASED,COST_BASED,false,false
1,baseline,1,2050,0,0,HYBRID_HEAT_PUMP,TOTAL,292747,17742,15820,447845,94736,0,0,0,0,0,MEDIUM,MEDIUM,MEDIUM,5,COST_BASED,COST_BASED,false,false
1,baseline,1,2050,0,0,ELECTRIC_HEAT_PUMP,PRIVATELY_OWNED,185723,0,0,337595,94736,0,0,0,0,0,MEDIUM,MEDIUM,MEDIUM,5,COST_BASED,COST_BASED,false,false
1,baseline,1,2050,0,0,ELECTRIC_HEAT_PUMP,PRIVATELY_RENTED,868,0,0,337595,94736,0,0,0,0,0,MEDIUM,MEDIUM,MEDIUM,5,COST_BASED,COST_BASED,false,false
1,baseline,1,2050,0,0,ELECTRIC_HEAT_PUMP,SOCIAL_HOUSING,1852,0,0,337595,94736,0,0,0,0,0,MEDIUM,MEDIUM,MEDIUM,5,COST_BASED,COST_BASED,false,false
1,baseline,1,2050,0,0,ELECTRIC_HEAT_PUMP,HOME_OWNER_ASSOCIATION,319,0,0,337595,94736,0,0,0,0,0,MEDIUM,MEDIUM,MEDIUM,5,COST_BASED,COST_BASED,false,false
1,baseline,1,2050,0,0,ELECTRIC_HEAT_PUMP,TOTAL,188762,14087,12566,337595,94736,0,0,0,0,0,MEDIUM,MEDIUM,MEDIUM,5,COST_BASED,COST_BASED,false,false
1,baseline,1,2050,0,0,DISTRICT_HEATING,PRIVATELY_OWNED,4030,0,0,13338,94736,0,0,0,0,0,MEDIUM,MEDIUM,MEDIUM,5,COST_BASED,COST_BASED,false,false
1,baseline,1,2050,0,0,DISTRICT_HEATING,PRIVATELY_RENTED,479,0,0,13338,94736,0,0,0,0,0,MEDIUM,MEDIUM,MEDIUM,5,COST_BASED,COST_BASED,false,false
1,baseline,1,2050,0,0,DISTRICT_HEATING,SOCIAL_HOUSING,0,0,0,13338,94736,0,0,0,0,0,MEDIUM,MEDIUM,MEDIUM,5,COST_BASED,COST_BASED,false,false
1,baseline,1,2050,0,0,DISTRICT_HEATING,HOME_OWNER_ASSOCIATION,0,0,0,13338,94736,0,0,0,0,0,MEDIUM,MEDIUM,MEDIUM,5,COST_BASED,COST_BASED,false,false
1,baseline,1,2050,0,0,DISTRICT_HEATING,TOTAL,4509,15,597,13338,94736,0,0,0,0,0,MEDIUM,MEDIUM,MEDIUM,5,COST_BASED,COST_BASED,false,false
